-- Providers
INSERT INTO CRM_PROVIDER (ID,VERSION,DISABLED,CREATED,UPDATED,CODE,DESCRIPTION,PAYMENT_METHODS,INVOICE_PREFIX,BANK_CODE,BRANCH_CODE,ACCOUNT_NUMBER,KEY,IBAN,BIC,ACCOUNT_OWNER,BANK_NAME,BANK_ID,ISSUER_NUMBER,ISSUER_NAME,UPDATER_ID,CREATOR_ID,PROVIDER_ID, entreprise, automatic_invoicing,AMOUNT_VALIDATION,LEVEL_DUPLICATION) VALUES (1,1,0,sysdate,null,'MYCOMPANY',null,null,null,'SGMB','12345','33333333333','11','11','11','owner','SGMB','11','1111','PROV1',null,null,null,0,0,0,0);
INSERT INTO CRM_PROVIDER (ID,VERSION,DISABLED,CREATED,UPDATED,CODE,DESCRIPTION,PAYMENT_METHODS,INVOICE_PREFIX,BANK_CODE,BRANCH_CODE,ACCOUNT_NUMBER,KEY,IBAN,BIC,ACCOUNT_OWNER,BANK_NAME,BANK_ID,ISSUER_NUMBER,ISSUER_NAME,UPDATER_ID,CREATOR_ID,PROVIDER_ID, entreprise, automatic_invoicing,AMOUNT_VALIDATION,LEVEL_DUPLICATION) VALUES (2,1,0,sysdate,null,'OTHERCOPANY',null,null,null,'CIC','54321','22222222222','22','22','22','owner2','CIC','12','2222','PROV22',null,null,null,0,0,0,0);

DROP SEQUENCE CRM_PROVIDER_SEQ;
CREATE SEQUENCE CRM_PROVIDER_SEQ start with 3 increment by 1;

-- Title
INSERT INTO ADM_TITLE (ID, VERSION, DISABLED, CREATED, PROVIDER_ID, UPDATED, CODE, IS_COMPANY, CREATOR_ID, UPDATER_ID) VALUES (1, 0, 0, sysdate, 1, null, 'AGCE', 1, null, null);
INSERT INTO ADM_TITLE (ID, VERSION, DISABLED, CREATED, PROVIDER_ID, UPDATED, CODE, IS_COMPANY, CREATOR_ID, UPDATER_ID) VALUES (2, 0, 0, sysdate, 1, null, 'ASSO', 1, null, null);
INSERT INTO ADM_TITLE (ID, VERSION, DISABLED, CREATED, PROVIDER_ID, UPDATED, CODE, IS_COMPANY, CREATOR_ID, UPDATER_ID) VALUES (3, 0, 0, sysdate, 1, null, 'CAB', 1, null, null);
INSERT INTO ADM_TITLE (ID, VERSION, DISABLED, CREATED, PROVIDER_ID, UPDATED, CODE, IS_COMPANY, CREATOR_ID, UPDATER_ID) VALUES (4, 0, 0, sysdate, 1, null, 'COLL', 1, null, null);
INSERT INTO ADM_TITLE (ID, VERSION, DISABLED, CREATED, PROVIDER_ID, UPDATED, CODE, IS_COMPANY, CREATOR_ID, UPDATER_ID) VALUES (5, 0, 0, sysdate, 1, null, 'COM', 1, null, null);
INSERT INTO ADM_TITLE (ID, VERSION, DISABLED, CREATED, PROVIDER_ID, UPDATED, CODE, IS_COMPANY, CREATOR_ID, UPDATER_ID) VALUES (6, 0, 0, sysdate, 1, null, 'COPR', 1, null, null);
INSERT INTO ADM_TITLE (ID, VERSION, DISABLED, CREATED, PROVIDER_ID, UPDATED, CODE, IS_COMPANY, CREATOR_ID, UPDATER_ID) VALUES (7, 0, 0, sysdate, 1, null, 'CSSE', 1, null, null);
INSERT INTO ADM_TITLE (ID, VERSION, DISABLED, CREATED, PROVIDER_ID, UPDATED, CODE, IS_COMPANY, CREATOR_ID, UPDATER_ID) VALUES (8, 0, 0, sysdate, 1, null, 'EARL', 1, null, null);
INSERT INTO ADM_TITLE (ID, VERSION, DISABLED, CREATED, PROVIDER_ID, UPDATED, CODE, IS_COMPANY, CREATOR_ID, UPDATER_ID) VALUES (9, 0, 0, sysdate, 1, null, 'ETS', 1, null, null);
INSERT INTO ADM_TITLE (ID, VERSION, DISABLED, CREATED, PROVIDER_ID, UPDATED, CODE, IS_COMPANY, CREATOR_ID, UPDATER_ID) VALUES (10, 0, 0, sysdate, 1, null, 'EURL', 1, null, null);
INSERT INTO ADM_TITLE (ID, VERSION, DISABLED, CREATED, PROVIDER_ID, UPDATED, CODE, IS_COMPANY, CREATOR_ID, UPDATER_ID) VALUES (11, 0, 0, sysdate, 1, null, 'GAEC', 1, null, null);
INSERT INTO ADM_TITLE (ID, VERSION, DISABLED, CREATED, PROVIDER_ID, UPDATED, CODE, IS_COMPANY, CREATOR_ID, UPDATER_ID) VALUES (12, 0, 0, sysdate, 1, null, 'HLM', 1, null, null);
INSERT INTO ADM_TITLE (ID, VERSION, DISABLED, CREATED, PROVIDER_ID, UPDATED, CODE, IS_COMPANY, CREATOR_ID, UPDATER_ID) VALUES (13, 0, 0, sysdate, 1, null, 'HOPI', 1, null, null);
INSERT INTO ADM_TITLE (ID, VERSION, DISABLED, CREATED, PROVIDER_ID, UPDATED, CODE, IS_COMPANY, CREATOR_ID, UPDATER_ID) VALUES (14, 0, 0, sysdate, 1, null, 'INST', 1, null, null);
INSERT INTO ADM_TITLE (ID, VERSION, DISABLED, CREATED, PROVIDER_ID, UPDATED, CODE, IS_COMPANY, CREATOR_ID, UPDATER_ID) VALUES (15, 0, 0, sysdate, 1, null, 'LABO', 1, null, null);
INSERT INTO ADM_TITLE (ID, VERSION, DISABLED, CREATED, PROVIDER_ID, UPDATED, CODE, IS_COMPANY, CREATOR_ID, UPDATER_ID) VALUES (16, 0, 0, sysdate, 1, null, 'M', 0, null, null);
INSERT INTO ADM_TITLE (ID, VERSION, DISABLED, CREATED, PROVIDER_ID, UPDATED, CODE, IS_COMPANY, CREATOR_ID, UPDATER_ID) VALUES (17, 0, 0, sysdate, 1, null, 'MLLES', 0, null, null);
INSERT INTO ADM_TITLE (ID, VERSION, DISABLED, CREATED, PROVIDER_ID, UPDATED, CODE, IS_COMPANY, CREATOR_ID, UPDATER_ID) VALUES (18, 0, 0, sysdate, 1, null, 'MLLE_M', 0, null, null);
INSERT INTO ADM_TITLE (ID, VERSION, DISABLED, CREATED, PROVIDER_ID, UPDATED, CODE, IS_COMPANY, CREATOR_ID, UPDATER_ID) VALUES (19, 0, 0, sysdate, 1, null, 'MLLE', 0, null, null);
INSERT INTO ADM_TITLE (ID, VERSION, DISABLED, CREATED, PROVIDER_ID, UPDATED, CODE, IS_COMPANY, CREATOR_ID, UPDATER_ID) VALUES (20, 0, 0, sysdate, 1, null, 'MM', 0, null, null);
INSERT INTO ADM_TITLE (ID, VERSION, DISABLED, CREATED, PROVIDER_ID, UPDATED, CODE, IS_COMPANY, CREATOR_ID, UPDATER_ID) VALUES (21, 0, 0, sysdate, 1, null, 'MME', 0, null, null);
INSERT INTO ADM_TITLE (ID, VERSION, DISABLED, CREATED, PROVIDER_ID, UPDATED, CODE, IS_COMPANY, CREATOR_ID, UPDATER_ID) VALUES (22, 0, 0, sysdate, 1, null, 'MME_M', 0, null, null);
INSERT INTO ADM_TITLE (ID, VERSION, DISABLED, CREATED, PROVIDER_ID, UPDATED, CODE, IS_COMPANY, CREATOR_ID, UPDATER_ID) VALUES (23, 0, 0, sysdate, 1, null, 'MMES', 0, null, null);
INSERT INTO ADM_TITLE (ID, VERSION, DISABLED, CREATED, PROVIDER_ID, UPDATED, CODE, IS_COMPANY, CREATOR_ID, UPDATER_ID) VALUES (24, 0, 0, sysdate, 1, null, 'MTRE', 1, null, null);
INSERT INTO ADM_TITLE (ID, VERSION, DISABLED, CREATED, PROVIDER_ID, UPDATED, CODE, IS_COMPANY, CREATOR_ID, UPDATER_ID) VALUES (25, 0, 0, sysdate, 1, null, 'SA', 1, null, null);
INSERT INTO ADM_TITLE (ID, VERSION, DISABLED, CREATED, PROVIDER_ID, UPDATED, CODE, IS_COMPANY, CREATOR_ID, UPDATER_ID) VALUES (26, 0, 0, sysdate, 1, null, 'SARL', 1, null, null);
INSERT INTO ADM_TITLE (ID, VERSION, DISABLED, CREATED, PROVIDER_ID, UPDATED, CODE, IS_COMPANY, CREATOR_ID, UPDATER_ID) VALUES (27, 0, 0, sysdate, 1, null, 'SCEA', 1, null, null);
INSERT INTO ADM_TITLE (ID, VERSION, DISABLED, CREATED, PROVIDER_ID, UPDATED, CODE, IS_COMPANY, CREATOR_ID, UPDATER_ID) VALUES (28, 0, 0, sysdate, 1, null, 'SCI', 1, null, null);
INSERT INTO ADM_TITLE (ID, VERSION, DISABLED, CREATED, PROVIDER_ID, UPDATED, CODE, IS_COMPANY, CREATOR_ID, UPDATER_ID) VALUES (29, 0, 0, sysdate, 1, null, 'SCM', 1, null, null);
INSERT INTO ADM_TITLE (ID, VERSION, DISABLED, CREATED, PROVIDER_ID, UPDATED, CODE, IS_COMPANY, CREATOR_ID, UPDATER_ID) VALUES (30, 0, 0, sysdate, 1, null, 'SCP', 1, null, null);
INSERT INTO ADM_TITLE (ID, VERSION, DISABLED, CREATED, PROVIDER_ID, UPDATED, CODE, IS_COMPANY, CREATOR_ID, UPDATER_ID) VALUES (31, 0, 0, sysdate, 1, null, 'SELARL', 1, null, null);
INSERT INTO ADM_TITLE (ID, VERSION, DISABLED, CREATED, PROVIDER_ID, UPDATED, CODE, IS_COMPANY, CREATOR_ID, UPDATER_ID) VALUES (32, 0, 0, sysdate, 1, null, 'SNC', 1, null, null);
INSERT INTO ADM_TITLE (ID, VERSION, DISABLED, CREATED, PROVIDER_ID, UPDATED, CODE, IS_COMPANY, CREATOR_ID, UPDATER_ID) VALUES (33, 0, 0, sysdate, 1, null, 'SNI', 1, null, null);
INSERT INTO ADM_TITLE (ID, VERSION, DISABLED, CREATED, PROVIDER_ID, UPDATED, CODE, IS_COMPANY, CREATOR_ID, UPDATER_ID) VALUES (34, 0, 0, sysdate, 1, null, 'STE', 1, null, null);
INSERT INTO ADM_TITLE (ID, VERSION, DISABLED, CREATED, PROVIDER_ID, UPDATED, CODE, IS_COMPANY, CREATOR_ID, UPDATER_ID) VALUES (35, 0, 0, sysdate, 1, null, 'SUCC', 1, null, null);
INSERT INTO ADM_TITLE (ID, VERSION, DISABLED, CREATED, PROVIDER_ID, UPDATED, CODE, IS_COMPANY, CREATOR_ID, UPDATER_ID) VALUES (36, 0, 0, sysdate, 1, null, 'SYNDIC', 1, null, null);
INSERT INTO ADM_TITLE (ID, VERSION, DISABLED, CREATED, PROVIDER_ID, UPDATED, CODE, IS_COMPANY, CREATOR_ID, UPDATER_ID) VALUES (37, 0, 0, sysdate, 1, null, 'SYNDCOP', 1, null, null);

DROP SEQUENCE ADM_TITLE_SEQ;
CREATE SEQUENCE ADM_TITLE_SEQ START WITH 38;

-- Users and roles
INSERT INTO ADM_ROLE (ID, ROLE_NAME, ROLE_DESCRIPTION) VALUES (1, 'administrateur', 'Administrateur');
INSERT INTO ADM_ROLE (ID, ROLE_NAME, ROLE_DESCRIPTION) VALUES (2, 'adv', 'ADV');
INSERT INTO ADM_ROLE (ID, ROLE_NAME, ROLE_DESCRIPTION) VALUES (3, 'visualisationGenerale', 'Visualization générale');
INSERT INTO ADM_ROLE (ID, ROLE_NAME, ROLE_DESCRIPTION) VALUES (4, 'visualisationClient', 'Visualization client');
INSERT INTO ADM_ROLE (ID, ROLE_NAME, ROLE_DESCRIPTION) VALUES (5, 'encaissement', 'Encaissement');
INSERT INTO ADM_ROLE (ID, ROLE_NAME, ROLE_DESCRIPTION) VALUES (6, 'superAdministrateur', 'Super Administrateur');

DROP SEQUENCE ADM_ROLE_SEQ;
CREATE SEQUENCE ADM_ROLE_SEQ START WITH 7;

INSERT INTO ADM_USER (ID, VERSION, DISABLED, CREATED, USERNAME, PASSWORD, LAST_PASSWORD_MODIFICATION, CREATOR_ID, PROVIDER_ID) VALUES ('1', 0, 0, sysdate,  'ADMIN', 'd033e22ae348aeb5660fc2140aec35850c4da997', sysdate, 1, 1);
INSERT INTO ADM_USER (ID, VERSION, DISABLED, CREATED, USERNAME, PASSWORD, LAST_PASSWORD_MODIFICATION, CREATOR_ID, PROVIDER_ID) VALUES ('2', 0, 0, sysdate,  'ADV', 'd8a6ce5665587d81dc56dd95fed707283f14bb15', sysdate, 1, 1);
INSERT INTO ADM_USER (ID, VERSION, DISABLED, CREATED, USERNAME, PASSWORD, LAST_PASSWORD_MODIFICATION, CREATOR_ID, PROVIDER_ID) VALUES ('3', 0, 0, sysdate,  'VISUGEN', '74b46635cbed487b607e213499fd483cbb6a7301', sysdate, 1, 1);
INSERT INTO ADM_USER (ID, VERSION, DISABLED, CREATED, USERNAME, PASSWORD, LAST_PASSWORD_MODIFICATION, CREATOR_ID, PROVIDER_ID) VALUES ('4', 0, 0, sysdate,  'VISUCLI', '3aa4392447b4343462a210526ec905bf8e26b26d', sysdate, 1, 1);
INSERT INTO ADM_USER (ID, VERSION, DISABLED, CREATED, USERNAME, PASSWORD, LAST_PASSWORD_MODIFICATION, CREATOR_ID, PROVIDER_ID) VALUES ('5', 0, 0, sysdate,  'ENCAISSEMENT', '172defec60cd4ba812c326b4e080842f689e2fd9', sysdate, 1, 1);
INSERT INTO ADM_USER (ID, VERSION, DISABLED, CREATED, USERNAME, PASSWORD, LAST_PASSWORD_MODIFICATION, CREATOR_ID, PROVIDER_ID) VALUES ('6', 0, 0, sysdate,  'MEVEO.ADMIN', 'fb93a3221422999ba49eb103977a6d736376505b', sysdate, 1, 1);

DROP SEQUENCE ADM_USER_SEQ;
CREATE SEQUENCE ADM_USER_SEQ START WITH 7;

INSERT INTO ADM_USER_ROLE (USER_ID, ROLE_ID) VALUES (1, 1);
INSERT INTO ADM_USER_ROLE (USER_ID, ROLE_ID) VALUES (2, 2);
INSERT INTO ADM_USER_ROLE (USER_ID, ROLE_ID) VALUES (3, 3);
INSERT INTO ADM_USER_ROLE (USER_ID, ROLE_ID) VALUES (4, 4);
INSERT INTO ADM_USER_ROLE (USER_ID, ROLE_ID) VALUES (5, 5);
INSERT INTO ADM_USER_ROLE (USER_ID, ROLE_ID) VALUES (6, 1);
INSERT INTO ADM_USER_ROLE (USER_ID, ROLE_ID) VALUES (6, 2);
INSERT INTO ADM_USER_ROLE (USER_ID, ROLE_ID) VALUES (6, 3);
INSERT INTO ADM_USER_ROLE (USER_ID, ROLE_ID) VALUES (6, 4);
INSERT INTO ADM_USER_ROLE (USER_ID, ROLE_ID) VALUES (6, 5);
INSERT INTO ADM_USER_ROLE (USER_ID, ROLE_ID) VALUES (6, 6);

INSERT INTO ADM_USER_PROVIDER (PROVIDER_ID, USER_ID) VALUES (1, 1);
INSERT INTO ADM_USER_PROVIDER (PROVIDER_ID, USER_ID) VALUES (1, 2);
INSERT INTO ADM_USER_PROVIDER (PROVIDER_ID, USER_ID) VALUES (1, 3);
INSERT INTO ADM_USER_PROVIDER (PROVIDER_ID, USER_ID) VALUES (1, 4);
INSERT INTO ADM_USER_PROVIDER (PROVIDER_ID, USER_ID) VALUES (1, 5);
INSERT INTO ADM_USER_PROVIDER (PROVIDER_ID, USER_ID) VALUES (1, 6);
INSERT INTO ADM_USER_PROVIDER (PROVIDER_ID, USER_ID) VALUES (2, 6);

INSERT INTO ADM_ROLE_PERMISSION (ID,VERSION,ROLE,TARGET,ACTION,DISCRIMINATOR) VALUES (ADM_ROLE_PERMISSION_SEQ.nextval,0,'administrateur','administration','administrationVisualization,administrationManagement', 'role');
INSERT INTO ADM_ROLE_PERMISSION (ID,VERSION,ROLE,TARGET,ACTION,DISCRIMINATOR) VALUES (ADM_ROLE_PERMISSION_SEQ.nextval,0,'administrateur','catalog','catalogVisualization,catalogManagement', 'role');
INSERT INTO ADM_ROLE_PERMISSION (ID,VERSION,ROLE,TARGET,ACTION,DISCRIMINATOR) VALUES (ADM_ROLE_PERMISSION_SEQ.nextval,0,'administrateur','account','accountVisualization', 'role');
INSERT INTO ADM_ROLE_PERMISSION (ID,VERSION,ROLE,TARGET,ACTION,DISCRIMINATOR) VALUES (ADM_ROLE_PERMISSION_SEQ.nextval,0,'administrateur','reporting','reportingVisualization,reportingManagement', 'role');
INSERT INTO ADM_ROLE_PERMISSION (ID,VERSION,ROLE,TARGET,ACTION,DISCRIMINATOR) VALUES (ADM_ROLE_PERMISSION_SEQ.nextval,0,'administrateur','customerSummary','customerSummaryVisualization', 'role');

INSERT INTO ADM_ROLE_PERMISSION (ID,VERSION,ROLE,TARGET,ACTION,DISCRIMINATOR) VALUES (ADM_ROLE_PERMISSION_SEQ.nextval,0,'adv','administration','administrationVisualization', 'role');
INSERT INTO ADM_ROLE_PERMISSION (ID,VERSION,ROLE,TARGET,ACTION,DISCRIMINATOR) VALUES (ADM_ROLE_PERMISSION_SEQ.nextval,0,'adv','catalog','catalogVisualization', 'role');
INSERT INTO ADM_ROLE_PERMISSION (ID,VERSION,ROLE,TARGET,ACTION,DISCRIMINATOR) VALUES (ADM_ROLE_PERMISSION_SEQ.nextval,0,'adv','account','accountVisualization,accountManagement', 'role');
INSERT INTO ADM_ROLE_PERMISSION (ID,VERSION,ROLE,TARGET,ACTION,DISCRIMINATOR) VALUES (ADM_ROLE_PERMISSION_SEQ.nextval,0,'adv','billing','billingVisualization,billingManagement', 'role');
INSERT INTO ADM_ROLE_PERMISSION (ID,VERSION,ROLE,TARGET,ACTION,DISCRIMINATOR) VALUES (ADM_ROLE_PERMISSION_SEQ.nextval,0,'adv','reporting','reportingVisualization,reportingManagement', 'role');
INSERT INTO ADM_ROLE_PERMISSION (ID,VERSION,ROLE,TARGET,ACTION,DISCRIMINATOR) VALUES (ADM_ROLE_PERMISSION_SEQ.nextval,0,'adv','customerSummary','customerSummaryVisualization', 'role');

INSERT INTO ADM_ROLE_PERMISSION (ID,VERSION,ROLE,TARGET,ACTION,DISCRIMINATOR) VALUES (ADM_ROLE_PERMISSION_SEQ.nextval,0,'visualisationGenerale','catalog','catalogVisualization', 'role');
INSERT INTO ADM_ROLE_PERMISSION (ID,VERSION,ROLE,TARGET,ACTION,DISCRIMINATOR) VALUES (ADM_ROLE_PERMISSION_SEQ.nextval,0,'visualisationGenerale','account','accountVisualization', 'role');
INSERT INTO ADM_ROLE_PERMISSION (ID,VERSION,ROLE,TARGET,ACTION,DISCRIMINATOR) VALUES (ADM_ROLE_PERMISSION_SEQ.nextval,0,'visualisationGenerale','billing','billingVisualization', 'role');
INSERT INTO ADM_ROLE_PERMISSION (ID,VERSION,ROLE,TARGET,ACTION,DISCRIMINATOR) VALUES (ADM_ROLE_PERMISSION_SEQ.nextval,0,'visualisationGenerale','customerSummary','customerSummaryVisualization', 'role');

INSERT INTO ADM_ROLE_PERMISSION (ID,VERSION,ROLE,TARGET,ACTION,DISCRIMINATOR) VALUES (ADM_ROLE_PERMISSION_SEQ.nextval,0,'visualisationClient','customerSummary','customerSummaryVisualization', 'role');

INSERT INTO ADM_ROLE_PERMISSION (ID,VERSION,ROLE,TARGET,ACTION,DISCRIMINATOR) VALUES (ADM_ROLE_PERMISSION_SEQ.nextval,0,'encaissement','catalog','catalogVisualization', 'role');
INSERT INTO ADM_ROLE_PERMISSION (ID,VERSION,ROLE,TARGET,ACTION,DISCRIMINATOR) VALUES (ADM_ROLE_PERMISSION_SEQ.nextval,0,'encaissement','account','accountVisualization', 'role');
INSERT INTO ADM_ROLE_PERMISSION (ID,VERSION,ROLE,TARGET,ACTION,DISCRIMINATOR) VALUES (ADM_ROLE_PERMISSION_SEQ.nextval,0,'encaissement','billing','billingVisualization', 'role');
INSERT INTO ADM_ROLE_PERMISSION (ID,VERSION,ROLE,TARGET,ACTION,DISCRIMINATOR) VALUES (ADM_ROLE_PERMISSION_SEQ.nextval,0,'encaissement','customerSummary','customerSummaryVisualization', 'role');
INSERT INTO ADM_ROLE_PERMISSION (ID,VERSION,ROLE,TARGET,ACTION,DISCRIMINATOR) VALUES (ADM_ROLE_PERMISSION_SEQ.nextval,0,'encaissement','reporting','reportingVisualization', 'role');

-- Customer Brand
INSERT INTO CRM_CUSTOMER_BRAND (ID, VERSION, DISABLED, CREATED, PROVIDER_ID, CREATOR_ID,CODE,DESCRIPTION) VALUES (CRM_CUSTOMER_BRAND_SEQ.NEXTVAL, 0, 0, sysdate, 1, 1, 'MYBRAND','MYBRAND');

-- Customer Category
INSERT INTO CRM_CUSTOMER_CATEGORY (ID, VERSION, DISABLED, CREATED, PROVIDER_ID, CREATOR_ID,CODE,DESCRIPTION) VALUES (CRM_CUSTOMER_CATEGORY_SEQ.NEXTVAL, 0, 0, sysdate, 1, 1, 'PART','Particulier');

-- OCC
INSERT INTO AR_OCC_TEMPLATE (ID, VERSION, DISABLED, CREATED, PROVIDER_ID, UPDATED, CODE, DESCRIPTION, ACCOUNT_CODE, ACCOUNT_CODE_CLIENT_SIDE, OCC_CATEGORY, CREATOR_ID, UPDATER_ID) VALUES (1, 0, 0, sysdate, 1, null, 'RG_CHQ', 'Règlement par chèque', '90590,41115,00000,000,0000,00000000,00000', '90590,51214170,00000,000,0000,00000000,00000', 'CREDIT', null, null);
INSERT INTO AR_OCC_TEMPLATE (ID, VERSION, DISABLED, CREATED, PROVIDER_ID, UPDATED, CODE, DESCRIPTION, ACCOUNT_CODE, ACCOUNT_CODE_CLIENT_SIDE, OCC_CATEGORY, CREATOR_ID, UPDATER_ID) VALUES (2, 0, 0, sysdate, 1, null, 'RG_TIP', 'Règlement par TIP', '90590,41115,00000,000,0000,00000000,00000', '90590,51214170,00000,000,0000,00000000,00000', 'CREDIT', null, null);
INSERT INTO AR_OCC_TEMPLATE (ID, VERSION, DISABLED, CREATED, PROVIDER_ID, UPDATED, CODE, DESCRIPTION, ACCOUNT_CODE, ACCOUNT_CODE_CLIENT_SIDE, OCC_CATEGORY, CREATOR_ID, UPDATER_ID) VALUES (3, 0, 0, sysdate, 1, null, 'RG_PLVT', 'Prélèvement', '90590,41115,00000,000,0000,00000000,00000', '90590,51214170,00000,000,0000,00000000,00000', 'CREDIT', null, null);
INSERT INTO AR_OCC_TEMPLATE (ID, VERSION, DISABLED, CREATED, PROVIDER_ID, UPDATED, CODE, DESCRIPTION, ACCOUNT_CODE, ACCOUNT_CODE_CLIENT_SIDE, OCC_CATEGORY, CREATOR_ID, UPDATER_ID) VALUES (4, 0, 0, sysdate, 1, null, 'RG_VIRT', 'Avis de crédit (virement)', '90590,41115,00000,000,0000,00000000,00000', '90590,51214170,00000,000,0000,00000000,00000', 'CREDIT', null, null);
INSERT INTO AR_OCC_TEMPLATE (ID, VERSION, DISABLED, CREATED, PROVIDER_ID, UPDATED, CODE, DESCRIPTION, ACCOUNT_CODE, ACCOUNT_CODE_CLIENT_SIDE, OCC_CATEGORY, CREATOR_ID, UPDATER_ID) VALUES (5, 0, 0, sysdate, 1, null, 'IP_CHQ', 'Chèque impayé', '90590,41115,00000,000,0000,00000000,00000', '90590,51214170,00000,000,0000,00000000,00000', 'DEBIT', null, null);
INSERT INTO AR_OCC_TEMPLATE (ID, VERSION, DISABLED, CREATED, PROVIDER_ID, UPDATED, CODE, DESCRIPTION, ACCOUNT_CODE, ACCOUNT_CODE_CLIENT_SIDE, OCC_CATEGORY, CREATOR_ID, UPDATER_ID) VALUES (6, 0, 0, sysdate, 1, null, 'IP_PLVT', 'Rejet de Prélèvement', '90590,41115,00000,000,0000,00000000,00000', '90590,51214170,00000,000,0000,00000000,00000', 'DEBIT', null, null);
INSERT INTO AR_OCC_TEMPLATE (ID, VERSION, DISABLED, CREATED, PROVIDER_ID, UPDATED, CODE, DESCRIPTION, ACCOUNT_CODE, ACCOUNT_CODE_CLIENT_SIDE, OCC_CATEGORY, CREATOR_ID, UPDATER_ID) VALUES (7, 0, 0, sysdate, 1, null, 'IP_TIP', 'Impayé TIP', '90590,41115,00000,000,0000,00000000,00000', '90590,51214170,00000,000,0000,00000000,00000', 'DEBIT', null, null);
INSERT INTO AR_OCC_TEMPLATE (ID, VERSION, DISABLED, CREATED, PROVIDER_ID, UPDATED, CODE, DESCRIPTION, ACCOUNT_CODE, ACCOUNT_CODE_CLIENT_SIDE, OCC_CATEGORY, CREATOR_ID, UPDATER_ID) VALUES (8, 0, 0, sysdate, 1, null, 'RG_CHQNI', 'Règlement par chèque sur compte NI', '90590,4191,00000,000,0000,00000000,00000', '90590,51214170,00000,000,0000,00000000,00000', 'CREDIT', null, null);
INSERT INTO AR_OCC_TEMPLATE (ID, VERSION, DISABLED, CREATED, PROVIDER_ID, UPDATED, CODE, DESCRIPTION, ACCOUNT_CODE, ACCOUNT_CODE_CLIENT_SIDE, OCC_CATEGORY, CREATOR_ID, UPDATER_ID) VALUES (9, 0, 0, sysdate, 1, null, 'RG_VIRTNI', 'Règlement par virement sur compte NI', '90590,4191,00000,000,0000,00000000,00000', '90590,51214170,00000,000,0000,00000000,00000', 'CREDIT', null, null);
INSERT INTO AR_OCC_TEMPLATE (ID, VERSION, DISABLED, CREATED, PROVIDER_ID, UPDATED, CODE, DESCRIPTION, ACCOUNT_CODE, ACCOUNT_CODE_CLIENT_SIDE, OCC_CATEGORY, CREATOR_ID, UPDATER_ID) VALUES (10, 0, 0, sysdate, 1, null, 'RB_CHQ', 'Remboursement par chèque', '90590,41115,00000,000,0000,00000000,00000', '90590,51214170,00000,000,0000,00000000,00000', 'DEBIT', null, null);
INSERT INTO AR_OCC_TEMPLATE (ID, VERSION, DISABLED, CREATED, PROVIDER_ID, UPDATED, CODE, DESCRIPTION, ACCOUNT_CODE, ACCOUNT_CODE_CLIENT_SIDE, OCC_CATEGORY, CREATOR_ID, UPDATER_ID) VALUES (11, 0, 0, sysdate, 1, null, 'RB_PLVT', 'Remboursement par prélèvement', '90590,41115,00000,000,0000,00000000,00000', '90590,51214170,00000,000,0000,00000000,00000', 'DEBIT', null, null);
INSERT INTO AR_OCC_TEMPLATE (ID, VERSION, DISABLED, CREATED, PROVIDER_ID, UPDATED, CODE, DESCRIPTION, ACCOUNT_CODE, ACCOUNT_CODE_CLIENT_SIDE, OCC_CATEGORY, CREATOR_ID, UPDATER_ID) VALUES (12, 0, 0, sysdate, 1, null, 'OD_CC_CL', 'Transfert Compte client - Compte de liaison', '90590,41115,00000,000,0000,00000000,00000', '90590,4721,00000,000,0000,00000000,00000', 'DEBIT', null, null);
INSERT INTO AR_OCC_TEMPLATE (ID, VERSION, DISABLED, CREATED, PROVIDER_ID, UPDATED, CODE, DESCRIPTION, ACCOUNT_CODE, ACCOUNT_CODE_CLIENT_SIDE, OCC_CATEGORY, CREATOR_ID, UPDATER_ID) VALUES (13, 0, 0, sysdate, 1, null, 'OD_CL_NI', 'Transfert Compte de liaison - Compte  NI', '90590,4191,00000,000,0000,00000000,00000', '90590,4721,00000,000,0000,00000000,00000', 'CREDIT', null, null);
INSERT INTO AR_OCC_TEMPLATE (ID, VERSION, DISABLED, CREATED, PROVIDER_ID, UPDATED, CODE, DESCRIPTION, ACCOUNT_CODE, ACCOUNT_CODE_CLIENT_SIDE, OCC_CATEGORY, CREATOR_ID, UPDATER_ID) VALUES (14, 0, 0, sysdate, 1, null, 'OD_NI_CL', 'Transfert Compte NI - Compte de liaison', '90590,4191,00000,000,0000,00000000,00000', '90590,4721,00000,000,0000,00000000,00000', 'DEBIT', null, null);
INSERT INTO AR_OCC_TEMPLATE (ID, VERSION, DISABLED, CREATED, PROVIDER_ID, UPDATED, CODE, DESCRIPTION, ACCOUNT_CODE, ACCOUNT_CODE_CLIENT_SIDE, OCC_CATEGORY, CREATOR_ID, UPDATER_ID) VALUES (15, 0, 0, sysdate, 1, null, 'OD_CL_CC', 'Transfert Compte de liaison - Compte client', '90590,41115,00000,000,0000,00000000,00000', '90590,4721,00000,000,0000,00000000,00000', 'CREDIT', null, null);
INSERT INTO AR_OCC_TEMPLATE (ID, VERSION, DISABLED, CREATED, PROVIDER_ID, UPDATED, CODE, DESCRIPTION, ACCOUNT_CODE, ACCOUNT_CODE_CLIENT_SIDE, OCC_CATEGORY, CREATOR_ID, UPDATER_ID) VALUES (16, 0, 0, sysdate, 1, null, 'OD_ODD', 'Débit porté directement sur compte client', '90590,41115,00000,000,0000,00000000,00000', '90590,4721,00000,000,0000,00000000,00000', 'DEBIT', null, null);
INSERT INTO AR_OCC_TEMPLATE (ID, VERSION, DISABLED, CREATED, PROVIDER_ID, UPDATED, CODE, DESCRIPTION, ACCOUNT_CODE, ACCOUNT_CODE_CLIENT_SIDE, OCC_CATEGORY, CREATOR_ID, UPDATER_ID) VALUES (17, 0, 0, sysdate, 1, null, 'OD_ODC', 'Crédit porté directement sur compte client', '90590,41115,00000,000,0000,00000000,00000', '90590,4721,00000,000,0000,00000000,00000', 'CREDIT', null, null);
INSERT INTO AR_OCC_TEMPLATE (ID, VERSION, DISABLED, CREATED, PROVIDER_ID, UPDATED, CODE, DESCRIPTION, ACCOUNT_CODE, ACCOUNT_CODE_CLIENT_SIDE, OCC_CATEGORY, CREATOR_ID, UPDATER_ID) VALUES (18, 0, 0, sysdate, 1, null, 'OD_PERT', 'Perte sur règlement', '90590,41115,00000,000,0000,00000000,00000', '90590,65870,00000,000,0000,00000000,00000', 'CREDIT', null, null);
INSERT INTO AR_OCC_TEMPLATE (ID, VERSION, DISABLED, CREATED, PROVIDER_ID, UPDATED, CODE, DESCRIPTION, ACCOUNT_CODE, ACCOUNT_CODE_CLIENT_SIDE, OCC_CATEGORY, CREATOR_ID, UPDATER_ID) VALUES (19, 0, 0, sysdate, 1, null, 'OD_PROF', 'Profit sur règlement', '90590,41115,00000,000,0000,00000000,00000', '90590,75870,00000,000,0000,00000000,00000', 'DEBIT', null, null);
INSERT INTO AR_OCC_TEMPLATE (ID, VERSION, DISABLED, CREATED, PROVIDER_ID, UPDATED, CODE, DESCRIPTION, ACCOUNT_CODE, ACCOUNT_CODE_CLIENT_SIDE, OCC_CATEGORY, CREATOR_ID, UPDATER_ID) VALUES (20, 0, 0, sysdate, 1, null, 'OD_ACPT', 'Versement d''un acompte', '90590,4191,00000,000,0000,00000000,00000', '90590,51214170,00000,000,0000,00000000,00000', 'CREDIT', null, null);
INSERT INTO AR_OCC_TEMPLATE (ID, VERSION, DISABLED, CREATED, PROVIDER_ID, UPDATED, CODE, DESCRIPTION, ACCOUNT_CODE, ACCOUNT_CODE_CLIENT_SIDE, OCC_CATEGORY, CREATOR_ID, UPDATER_ID) VALUES (21, 0, 0, sysdate, 1, null, 'OD_EXC', 'Enregistrement de trop perçu', '90590,41115,00000,000,0000,00000000,00000', '90590,4191,00000,000,0000,00000000,00000', 'DEBIT', null, null);
INSERT INTO AR_OCC_TEMPLATE (ID, VERSION, DISABLED, CREATED, PROVIDER_ID, UPDATED, CODE, DESCRIPTION, ACCOUNT_CODE, ACCOUNT_CODE_CLIENT_SIDE, OCC_CATEGORY, CREATOR_ID, UPDATER_ID) VALUES (22, 0, 0, sysdate, 1, null, 'OD_IRRE', 'Passage en irrécouvrable', '90590,41115,00000,000,0000,00000000,00000', '90590,416,00000,000,0000,00000000,00000', 'CREDIT', null, null);
INSERT INTO AR_OCC_TEMPLATE (ID, VERSION, DISABLED, CREATED, PROVIDER_ID, UPDATED, CODE, DESCRIPTION, ACCOUNT_CODE, ACCOUNT_CODE_CLIENT_SIDE, OCC_CATEGORY, CREATOR_ID, UPDATER_ID) VALUES (23, 0, 0, sysdate, 1, null, 'OD_PREL', 'Pénalité de relance', '90590,41115,00000,000,0000,00000000,00000', '90590,51214170,00000,000,0000,00000000,00000', 'DEBIT', null, null);
INSERT INTO AR_OCC_TEMPLATE (ID, VERSION, DISABLED, CREATED, PROVIDER_ID, UPDATED, CODE, DESCRIPTION, ACCOUNT_CODE, ACCOUNT_CODE_CLIENT_SIDE, OCC_CATEGORY, CREATOR_ID, UPDATER_ID) VALUES (24, 0, 0, sysdate, 1, null, 'OD_PIMP', 'Pénalité d''impayés', '90590,41115,00000,000,0000,00000000,00000', '90590,51214170,00000,000,0000,00000000,00000', 'DEBIT', null, null);
INSERT INTO AR_OCC_TEMPLATE (ID, VERSION, DISABLED, CREATED, PROVIDER_ID, UPDATED, CODE, DESCRIPTION, ACCOUNT_CODE, ACCOUNT_CODE_CLIENT_SIDE, OCC_CATEGORY, CREATOR_ID, UPDATER_ID) VALUES (25, 0, 0, sysdate, 1, null, 'FA_FACT', 'Facture', '90590,41115,00000,000,0000,00000000,00000', null, 'DEBIT', null, null);

DROP SEQUENCE AR_OCC_TEMPLATE_SEQ;
CREATE SEQUENCE AR_OCC_TEMPLATE_SEQ START WITH 26;


-- Cal
INSERT INTO CAT_DAY_IN_YEAR(ID, VERSION, MONTH, DAY, PROVIDER_ID) VALUES (1, 1, 'JANUARY', 1, 1);
INSERT INTO CAT_DAY_IN_YEAR(ID, VERSION, MONTH, DAY, PROVIDER_ID) VALUES (2, 1, 'JANUARY', 2, 1);
INSERT INTO CAT_DAY_IN_YEAR(ID, VERSION, MONTH, DAY, PROVIDER_ID) VALUES (3, 1, 'JANUARY', 3, 1);
INSERT INTO CAT_DAY_IN_YEAR(ID, VERSION, MONTH, DAY, PROVIDER_ID) VALUES (4, 1, 'JANUARY', 4, 1);
INSERT INTO CAT_DAY_IN_YEAR(ID, VERSION, MONTH, DAY, PROVIDER_ID) VALUES (5, 1, 'JANUARY', 5, 1);
INSERT INTO CAT_DAY_IN_YEAR(ID, VERSION, MONTH, DAY, PROVIDER_ID) VALUES (6, 1, 'JANUARY', 6, 1);
INSERT INTO CAT_DAY_IN_YEAR(ID, VERSION, MONTH, DAY, PROVIDER_ID) VALUES (7, 1, 'JANUARY', 7, 1);
INSERT INTO CAT_DAY_IN_YEAR(ID, VERSION, MONTH, DAY, PROVIDER_ID) VALUES (8, 1, 'JANUARY', 8, 1);
INSERT INTO CAT_DAY_IN_YEAR(ID, VERSION, MONTH, DAY, PROVIDER_ID) VALUES (9, 1, 'JANUARY', 9, 1);
INSERT INTO CAT_DAY_IN_YEAR(ID, VERSION, MONTH, DAY, PROVIDER_ID) VALUES (10, 1, 'JANUARY', 10, 1);
INSERT INTO CAT_DAY_IN_YEAR(ID, VERSION, MONTH, DAY, PROVIDER_ID) VALUES (11, 1, 'JANUARY', 11, 1);
INSERT INTO CAT_DAY_IN_YEAR(ID, VERSION, MONTH, DAY, PROVIDER_ID) VALUES (12, 1, 'JANUARY', 12, 1);
INSERT INTO CAT_DAY_IN_YEAR(ID, VERSION, MONTH, DAY, PROVIDER_ID) VALUES (13, 1, 'JANUARY', 13, 1);
INSERT INTO CAT_DAY_IN_YEAR(ID, VERSION, MONTH, DAY, PROVIDER_ID) VALUES (14, 1, 'JANUARY', 14, 1);
INSERT INTO CAT_DAY_IN_YEAR(ID, VERSION, MONTH, DAY, PROVIDER_ID) VALUES (15, 1, 'JANUARY', 15, 1);
INSERT INTO CAT_DAY_IN_YEAR(ID, VERSION, MONTH, DAY, PROVIDER_ID) VALUES (16, 1, 'JANUARY', 16, 1);
INSERT INTO CAT_DAY_IN_YEAR(ID, VERSION, MONTH, DAY, PROVIDER_ID) VALUES (17, 1, 'JANUARY', 17, 1);
INSERT INTO CAT_DAY_IN_YEAR(ID, VERSION, MONTH, DAY, PROVIDER_ID) VALUES (18, 1, 'JANUARY', 18, 1);
INSERT INTO CAT_DAY_IN_YEAR(ID, VERSION, MONTH, DAY, PROVIDER_ID) VALUES (19, 1, 'JANUARY', 19, 1);
INSERT INTO CAT_DAY_IN_YEAR(ID, VERSION, MONTH, DAY, PROVIDER_ID) VALUES (20, 1, 'JANUARY', 20, 1);
INSERT INTO CAT_DAY_IN_YEAR(ID, VERSION, MONTH, DAY, PROVIDER_ID) VALUES (21, 1, 'JANUARY', 21, 1);
INSERT INTO CAT_DAY_IN_YEAR(ID, VERSION, MONTH, DAY, PROVIDER_ID) VALUES (22, 1, 'JANUARY', 22, 1);
INSERT INTO CAT_DAY_IN_YEAR(ID, VERSION, MONTH, DAY, PROVIDER_ID) VALUES (23, 1, 'JANUARY', 23, 1);
INSERT INTO CAT_DAY_IN_YEAR(ID, VERSION, MONTH, DAY, PROVIDER_ID) VALUES (24, 1, 'JANUARY', 24, 1);
INSERT INTO CAT_DAY_IN_YEAR(ID, VERSION, MONTH, DAY, PROVIDER_ID) VALUES (25, 1, 'JANUARY', 25, 1);
INSERT INTO CAT_DAY_IN_YEAR(ID, VERSION, MONTH, DAY, PROVIDER_ID) VALUES (26, 1, 'JANUARY', 26, 1);
INSERT INTO CAT_DAY_IN_YEAR(ID, VERSION, MONTH, DAY, PROVIDER_ID) VALUES (27, 1, 'JANUARY', 27, 1);
INSERT INTO CAT_DAY_IN_YEAR(ID, VERSION, MONTH, DAY, PROVIDER_ID) VALUES (28, 1, 'JANUARY', 28, 1);
INSERT INTO CAT_DAY_IN_YEAR(ID, VERSION, MONTH, DAY, PROVIDER_ID) VALUES (29, 1, 'JANUARY', 29, 1);
INSERT INTO CAT_DAY_IN_YEAR(ID, VERSION, MONTH, DAY, PROVIDER_ID) VALUES (30, 1, 'JANUARY', 30, 1);
INSERT INTO CAT_DAY_IN_YEAR(ID, VERSION, MONTH, DAY, PROVIDER_ID) VALUES (31, 1, 'JANUARY', 31, 1);
INSERT INTO CAT_DAY_IN_YEAR(ID, VERSION, MONTH, DAY, PROVIDER_ID) VALUES (101, 1, 'FEBRUARY', 1, 1);
INSERT INTO CAT_DAY_IN_YEAR(ID, VERSION, MONTH, DAY, PROVIDER_ID) VALUES (102, 1, 'FEBRUARY', 2, 1);
INSERT INTO CAT_DAY_IN_YEAR(ID, VERSION, MONTH, DAY, PROVIDER_ID) VALUES (103, 1, 'FEBRUARY', 3, 1);
INSERT INTO CAT_DAY_IN_YEAR(ID, VERSION, MONTH, DAY, PROVIDER_ID) VALUES (104, 1, 'FEBRUARY', 4, 1);
INSERT INTO CAT_DAY_IN_YEAR(ID, VERSION, MONTH, DAY, PROVIDER_ID) VALUES (105, 1, 'FEBRUARY', 5, 1);
INSERT INTO CAT_DAY_IN_YEAR(ID, VERSION, MONTH, DAY, PROVIDER_ID) VALUES (106, 1, 'FEBRUARY', 6, 1);
INSERT INTO CAT_DAY_IN_YEAR(ID, VERSION, MONTH, DAY, PROVIDER_ID) VALUES (107, 1, 'FEBRUARY', 7, 1);
INSERT INTO CAT_DAY_IN_YEAR(ID, VERSION, MONTH, DAY, PROVIDER_ID) VALUES (108, 1, 'FEBRUARY', 8, 1);
INSERT INTO CAT_DAY_IN_YEAR(ID, VERSION, MONTH, DAY, PROVIDER_ID) VALUES (109, 1, 'FEBRUARY', 9, 1);
INSERT INTO CAT_DAY_IN_YEAR(ID, VERSION, MONTH, DAY, PROVIDER_ID) VALUES (110, 1, 'FEBRUARY', 10, 1);
INSERT INTO CAT_DAY_IN_YEAR(ID, VERSION, MONTH, DAY, PROVIDER_ID) VALUES (111, 1, 'FEBRUARY', 11, 1);
INSERT INTO CAT_DAY_IN_YEAR(ID, VERSION, MONTH, DAY, PROVIDER_ID) VALUES (112, 1, 'FEBRUARY', 12, 1);
INSERT INTO CAT_DAY_IN_YEAR(ID, VERSION, MONTH, DAY, PROVIDER_ID) VALUES (113, 1, 'FEBRUARY', 13, 1);
INSERT INTO CAT_DAY_IN_YEAR(ID, VERSION, MONTH, DAY, PROVIDER_ID) VALUES (114, 1, 'FEBRUARY', 14, 1);
INSERT INTO CAT_DAY_IN_YEAR(ID, VERSION, MONTH, DAY, PROVIDER_ID) VALUES (115, 1, 'FEBRUARY', 15, 1);
INSERT INTO CAT_DAY_IN_YEAR(ID, VERSION, MONTH, DAY, PROVIDER_ID) VALUES (116, 1, 'FEBRUARY', 16, 1);
INSERT INTO CAT_DAY_IN_YEAR(ID, VERSION, MONTH, DAY, PROVIDER_ID) VALUES (117, 1, 'FEBRUARY', 17, 1);
INSERT INTO CAT_DAY_IN_YEAR(ID, VERSION, MONTH, DAY, PROVIDER_ID) VALUES (118, 1, 'FEBRUARY', 18, 1);
INSERT INTO CAT_DAY_IN_YEAR(ID, VERSION, MONTH, DAY, PROVIDER_ID) VALUES (119, 1, 'FEBRUARY', 19, 1);
INSERT INTO CAT_DAY_IN_YEAR(ID, VERSION, MONTH, DAY, PROVIDER_ID) VALUES (120, 1, 'FEBRUARY', 20, 1);
INSERT INTO CAT_DAY_IN_YEAR(ID, VERSION, MONTH, DAY, PROVIDER_ID) VALUES (121, 1, 'FEBRUARY', 21, 1);
INSERT INTO CAT_DAY_IN_YEAR(ID, VERSION, MONTH, DAY, PROVIDER_ID) VALUES (122, 1, 'FEBRUARY', 22, 1);
INSERT INTO CAT_DAY_IN_YEAR(ID, VERSION, MONTH, DAY, PROVIDER_ID) VALUES (123, 1, 'FEBRUARY', 23, 1);
INSERT INTO CAT_DAY_IN_YEAR(ID, VERSION, MONTH, DAY, PROVIDER_ID) VALUES (124, 1, 'FEBRUARY', 24, 1);
INSERT INTO CAT_DAY_IN_YEAR(ID, VERSION, MONTH, DAY, PROVIDER_ID) VALUES (125, 1, 'FEBRUARY', 25, 1);
INSERT INTO CAT_DAY_IN_YEAR(ID, VERSION, MONTH, DAY, PROVIDER_ID) VALUES (126, 1, 'FEBRUARY', 26, 1);
INSERT INTO CAT_DAY_IN_YEAR(ID, VERSION, MONTH, DAY, PROVIDER_ID) VALUES (127, 1, 'FEBRUARY', 27, 1);
INSERT INTO CAT_DAY_IN_YEAR(ID, VERSION, MONTH, DAY, PROVIDER_ID) VALUES (128, 1, 'FEBRUARY', 28, 1);
INSERT INTO CAT_DAY_IN_YEAR(ID, VERSION, MONTH, DAY, PROVIDER_ID) VALUES (129, 1, 'FEBRUARY', 29, 1);
INSERT INTO CAT_DAY_IN_YEAR(ID, VERSION, MONTH, DAY, PROVIDER_ID) VALUES (201, 1, 'MARCH', 1, 1);
INSERT INTO CAT_DAY_IN_YEAR(ID, VERSION, MONTH, DAY, PROVIDER_ID) VALUES (202, 1, 'MARCH', 2, 1);
INSERT INTO CAT_DAY_IN_YEAR(ID, VERSION, MONTH, DAY, PROVIDER_ID) VALUES (203, 1, 'MARCH', 3, 1);
INSERT INTO CAT_DAY_IN_YEAR(ID, VERSION, MONTH, DAY, PROVIDER_ID) VALUES (204, 1, 'MARCH', 4, 1);
INSERT INTO CAT_DAY_IN_YEAR(ID, VERSION, MONTH, DAY, PROVIDER_ID) VALUES (205, 1, 'MARCH', 5, 1);
INSERT INTO CAT_DAY_IN_YEAR(ID, VERSION, MONTH, DAY, PROVIDER_ID) VALUES (206, 1, 'MARCH', 6, 1);
INSERT INTO CAT_DAY_IN_YEAR(ID, VERSION, MONTH, DAY, PROVIDER_ID) VALUES (207, 1, 'MARCH', 7, 1);
INSERT INTO CAT_DAY_IN_YEAR(ID, VERSION, MONTH, DAY, PROVIDER_ID) VALUES (208, 1, 'MARCH', 8, 1);
INSERT INTO CAT_DAY_IN_YEAR(ID, VERSION, MONTH, DAY, PROVIDER_ID) VALUES (209, 1, 'MARCH', 9, 1);
INSERT INTO CAT_DAY_IN_YEAR(ID, VERSION, MONTH, DAY, PROVIDER_ID) VALUES (210, 1, 'MARCH', 10, 1);
INSERT INTO CAT_DAY_IN_YEAR(ID, VERSION, MONTH, DAY, PROVIDER_ID) VALUES (211, 1, 'MARCH', 11, 1);
INSERT INTO CAT_DAY_IN_YEAR(ID, VERSION, MONTH, DAY, PROVIDER_ID) VALUES (212, 1, 'MARCH', 12, 1);
INSERT INTO CAT_DAY_IN_YEAR(ID, VERSION, MONTH, DAY, PROVIDER_ID) VALUES (213, 1, 'MARCH', 13, 1);
INSERT INTO CAT_DAY_IN_YEAR(ID, VERSION, MONTH, DAY, PROVIDER_ID) VALUES (214, 1, 'MARCH', 14, 1);
INSERT INTO CAT_DAY_IN_YEAR(ID, VERSION, MONTH, DAY, PROVIDER_ID) VALUES (215, 1, 'MARCH', 15, 1);
INSERT INTO CAT_DAY_IN_YEAR(ID, VERSION, MONTH, DAY, PROVIDER_ID) VALUES (216, 1, 'MARCH', 16, 1);
INSERT INTO CAT_DAY_IN_YEAR(ID, VERSION, MONTH, DAY, PROVIDER_ID) VALUES (217, 1, 'MARCH', 17, 1);
INSERT INTO CAT_DAY_IN_YEAR(ID, VERSION, MONTH, DAY, PROVIDER_ID) VALUES (218, 1, 'MARCH', 18, 1);
INSERT INTO CAT_DAY_IN_YEAR(ID, VERSION, MONTH, DAY, PROVIDER_ID) VALUES (219, 1, 'MARCH', 19, 1);
INSERT INTO CAT_DAY_IN_YEAR(ID, VERSION, MONTH, DAY, PROVIDER_ID) VALUES (220, 1, 'MARCH', 20, 1);
INSERT INTO CAT_DAY_IN_YEAR(ID, VERSION, MONTH, DAY, PROVIDER_ID) VALUES (221, 1, 'MARCH', 21, 1);
INSERT INTO CAT_DAY_IN_YEAR(ID, VERSION, MONTH, DAY, PROVIDER_ID) VALUES (222, 1, 'MARCH', 22, 1);
INSERT INTO CAT_DAY_IN_YEAR(ID, VERSION, MONTH, DAY, PROVIDER_ID) VALUES (223, 1, 'MARCH', 23, 1);
INSERT INTO CAT_DAY_IN_YEAR(ID, VERSION, MONTH, DAY, PROVIDER_ID) VALUES (224, 1, 'MARCH', 24, 1);
INSERT INTO CAT_DAY_IN_YEAR(ID, VERSION, MONTH, DAY, PROVIDER_ID) VALUES (225, 1, 'MARCH', 25, 1);
INSERT INTO CAT_DAY_IN_YEAR(ID, VERSION, MONTH, DAY, PROVIDER_ID) VALUES (226, 1, 'MARCH', 26, 1);
INSERT INTO CAT_DAY_IN_YEAR(ID, VERSION, MONTH, DAY, PROVIDER_ID) VALUES (227, 1, 'MARCH', 27, 1);
INSERT INTO CAT_DAY_IN_YEAR(ID, VERSION, MONTH, DAY, PROVIDER_ID) VALUES (228, 1, 'MARCH', 28, 1);
INSERT INTO CAT_DAY_IN_YEAR(ID, VERSION, MONTH, DAY, PROVIDER_ID) VALUES (229, 1, 'MARCH', 29, 1);
INSERT INTO CAT_DAY_IN_YEAR(ID, VERSION, MONTH, DAY, PROVIDER_ID) VALUES (230, 1, 'MARCH', 30, 1);
INSERT INTO CAT_DAY_IN_YEAR(ID, VERSION, MONTH, DAY, PROVIDER_ID) VALUES (231, 1, 'MARCH', 31, 1);
INSERT INTO CAT_DAY_IN_YEAR(ID, VERSION, MONTH, DAY, PROVIDER_ID) VALUES (301, 1, 'APRIL', 1, 1);
INSERT INTO CAT_DAY_IN_YEAR(ID, VERSION, MONTH, DAY, PROVIDER_ID) VALUES (302, 1, 'APRIL', 2, 1);
INSERT INTO CAT_DAY_IN_YEAR(ID, VERSION, MONTH, DAY, PROVIDER_ID) VALUES (303, 1, 'APRIL', 3, 1);
INSERT INTO CAT_DAY_IN_YEAR(ID, VERSION, MONTH, DAY, PROVIDER_ID) VALUES (304, 1, 'APRIL', 4, 1);
INSERT INTO CAT_DAY_IN_YEAR(ID, VERSION, MONTH, DAY, PROVIDER_ID) VALUES (305, 1, 'APRIL', 5, 1);
INSERT INTO CAT_DAY_IN_YEAR(ID, VERSION, MONTH, DAY, PROVIDER_ID) VALUES (306, 1, 'APRIL', 6, 1);
INSERT INTO CAT_DAY_IN_YEAR(ID, VERSION, MONTH, DAY, PROVIDER_ID) VALUES (307, 1, 'APRIL', 7, 1);
INSERT INTO CAT_DAY_IN_YEAR(ID, VERSION, MONTH, DAY, PROVIDER_ID) VALUES (308, 1, 'APRIL', 8, 1);
INSERT INTO CAT_DAY_IN_YEAR(ID, VERSION, MONTH, DAY, PROVIDER_ID) VALUES (309, 1, 'APRIL', 9, 1);
INSERT INTO CAT_DAY_IN_YEAR(ID, VERSION, MONTH, DAY, PROVIDER_ID) VALUES (310, 1, 'APRIL', 10, 1);
INSERT INTO CAT_DAY_IN_YEAR(ID, VERSION, MONTH, DAY, PROVIDER_ID) VALUES (311, 1, 'APRIL', 11, 1);
INSERT INTO CAT_DAY_IN_YEAR(ID, VERSION, MONTH, DAY, PROVIDER_ID) VALUES (312, 1, 'APRIL', 12, 1);
INSERT INTO CAT_DAY_IN_YEAR(ID, VERSION, MONTH, DAY, PROVIDER_ID) VALUES (313, 1, 'APRIL', 13, 1);
INSERT INTO CAT_DAY_IN_YEAR(ID, VERSION, MONTH, DAY, PROVIDER_ID) VALUES (314, 1, 'APRIL', 14, 1);
INSERT INTO CAT_DAY_IN_YEAR(ID, VERSION, MONTH, DAY, PROVIDER_ID) VALUES (315, 1, 'APRIL', 15, 1);
INSERT INTO CAT_DAY_IN_YEAR(ID, VERSION, MONTH, DAY, PROVIDER_ID) VALUES (316, 1, 'APRIL', 16, 1);
INSERT INTO CAT_DAY_IN_YEAR(ID, VERSION, MONTH, DAY, PROVIDER_ID) VALUES (317, 1, 'APRIL', 17, 1);
INSERT INTO CAT_DAY_IN_YEAR(ID, VERSION, MONTH, DAY, PROVIDER_ID) VALUES (318, 1, 'APRIL', 18, 1);
INSERT INTO CAT_DAY_IN_YEAR(ID, VERSION, MONTH, DAY, PROVIDER_ID) VALUES (319, 1, 'APRIL', 19, 1);
INSERT INTO CAT_DAY_IN_YEAR(ID, VERSION, MONTH, DAY, PROVIDER_ID) VALUES (320, 1, 'APRIL', 20, 1);
INSERT INTO CAT_DAY_IN_YEAR(ID, VERSION, MONTH, DAY, PROVIDER_ID) VALUES (321, 1, 'APRIL', 21, 1);
INSERT INTO CAT_DAY_IN_YEAR(ID, VERSION, MONTH, DAY, PROVIDER_ID) VALUES (322, 1, 'APRIL', 22, 1);
INSERT INTO CAT_DAY_IN_YEAR(ID, VERSION, MONTH, DAY, PROVIDER_ID) VALUES (323, 1, 'APRIL', 23, 1);
INSERT INTO CAT_DAY_IN_YEAR(ID, VERSION, MONTH, DAY, PROVIDER_ID) VALUES (324, 1, 'APRIL', 24, 1);
INSERT INTO CAT_DAY_IN_YEAR(ID, VERSION, MONTH, DAY, PROVIDER_ID) VALUES (325, 1, 'APRIL', 25, 1);
INSERT INTO CAT_DAY_IN_YEAR(ID, VERSION, MONTH, DAY, PROVIDER_ID) VALUES (326, 1, 'APRIL', 26, 1);
INSERT INTO CAT_DAY_IN_YEAR(ID, VERSION, MONTH, DAY, PROVIDER_ID) VALUES (327, 1, 'APRIL', 27, 1);
INSERT INTO CAT_DAY_IN_YEAR(ID, VERSION, MONTH, DAY, PROVIDER_ID) VALUES (328, 1, 'APRIL', 28, 1);
INSERT INTO CAT_DAY_IN_YEAR(ID, VERSION, MONTH, DAY, PROVIDER_ID) VALUES (329, 1, 'APRIL', 29, 1);
INSERT INTO CAT_DAY_IN_YEAR(ID, VERSION, MONTH, DAY, PROVIDER_ID) VALUES (330, 1, 'APRIL', 30, 1);
INSERT INTO CAT_DAY_IN_YEAR(ID, VERSION, MONTH, DAY, PROVIDER_ID) VALUES (401, 1, 'MAY', 1, 1);
INSERT INTO CAT_DAY_IN_YEAR(ID, VERSION, MONTH, DAY, PROVIDER_ID) VALUES (402, 1, 'MAY', 2, 1);
INSERT INTO CAT_DAY_IN_YEAR(ID, VERSION, MONTH, DAY, PROVIDER_ID) VALUES (403, 1, 'MAY', 3, 1);
INSERT INTO CAT_DAY_IN_YEAR(ID, VERSION, MONTH, DAY, PROVIDER_ID) VALUES (404, 1, 'MAY', 4, 1);
INSERT INTO CAT_DAY_IN_YEAR(ID, VERSION, MONTH, DAY, PROVIDER_ID) VALUES (405, 1, 'MAY', 5, 1);
INSERT INTO CAT_DAY_IN_YEAR(ID, VERSION, MONTH, DAY, PROVIDER_ID) VALUES (406, 1, 'MAY', 6, 1);
INSERT INTO CAT_DAY_IN_YEAR(ID, VERSION, MONTH, DAY, PROVIDER_ID) VALUES (407, 1, 'MAY', 7, 1);
INSERT INTO CAT_DAY_IN_YEAR(ID, VERSION, MONTH, DAY, PROVIDER_ID) VALUES (408, 1, 'MAY', 8, 1);
INSERT INTO CAT_DAY_IN_YEAR(ID, VERSION, MONTH, DAY, PROVIDER_ID) VALUES (409, 1, 'MAY', 9, 1);
INSERT INTO CAT_DAY_IN_YEAR(ID, VERSION, MONTH, DAY, PROVIDER_ID) VALUES (410, 1, 'MAY', 10, 1);
INSERT INTO CAT_DAY_IN_YEAR(ID, VERSION, MONTH, DAY, PROVIDER_ID) VALUES (411, 1, 'MAY', 11, 1);
INSERT INTO CAT_DAY_IN_YEAR(ID, VERSION, MONTH, DAY, PROVIDER_ID) VALUES (412, 1, 'MAY', 12, 1);
INSERT INTO CAT_DAY_IN_YEAR(ID, VERSION, MONTH, DAY, PROVIDER_ID) VALUES (413, 1, 'MAY', 13, 1);
INSERT INTO CAT_DAY_IN_YEAR(ID, VERSION, MONTH, DAY, PROVIDER_ID) VALUES (414, 1, 'MAY', 14, 1);
INSERT INTO CAT_DAY_IN_YEAR(ID, VERSION, MONTH, DAY, PROVIDER_ID) VALUES (415, 1, 'MAY', 15, 1);
INSERT INTO CAT_DAY_IN_YEAR(ID, VERSION, MONTH, DAY, PROVIDER_ID) VALUES (416, 1, 'MAY', 16, 1);
INSERT INTO CAT_DAY_IN_YEAR(ID, VERSION, MONTH, DAY, PROVIDER_ID) VALUES (417, 1, 'MAY', 17, 1);
INSERT INTO CAT_DAY_IN_YEAR(ID, VERSION, MONTH, DAY, PROVIDER_ID) VALUES (418, 1, 'MAY', 18, 1);
INSERT INTO CAT_DAY_IN_YEAR(ID, VERSION, MONTH, DAY, PROVIDER_ID) VALUES (419, 1, 'MAY', 19, 1);
INSERT INTO CAT_DAY_IN_YEAR(ID, VERSION, MONTH, DAY, PROVIDER_ID) VALUES (420, 1, 'MAY', 20, 1);
INSERT INTO CAT_DAY_IN_YEAR(ID, VERSION, MONTH, DAY, PROVIDER_ID) VALUES (421, 1, 'MAY', 21, 1);
INSERT INTO CAT_DAY_IN_YEAR(ID, VERSION, MONTH, DAY, PROVIDER_ID) VALUES (422, 1, 'MAY', 22, 1);
INSERT INTO CAT_DAY_IN_YEAR(ID, VERSION, MONTH, DAY, PROVIDER_ID) VALUES (423, 1, 'MAY', 23, 1);
INSERT INTO CAT_DAY_IN_YEAR(ID, VERSION, MONTH, DAY, PROVIDER_ID) VALUES (424, 1, 'MAY', 24, 1);
INSERT INTO CAT_DAY_IN_YEAR(ID, VERSION, MONTH, DAY, PROVIDER_ID) VALUES (425, 1, 'MAY', 25, 1);
INSERT INTO CAT_DAY_IN_YEAR(ID, VERSION, MONTH, DAY, PROVIDER_ID) VALUES (426, 1, 'MAY', 26, 1);
INSERT INTO CAT_DAY_IN_YEAR(ID, VERSION, MONTH, DAY, PROVIDER_ID) VALUES (427, 1, 'MAY', 27, 1);
INSERT INTO CAT_DAY_IN_YEAR(ID, VERSION, MONTH, DAY, PROVIDER_ID) VALUES (428, 1, 'MAY', 28, 1);
INSERT INTO CAT_DAY_IN_YEAR(ID, VERSION, MONTH, DAY, PROVIDER_ID) VALUES (429, 1, 'MAY', 29, 1);
INSERT INTO CAT_DAY_IN_YEAR(ID, VERSION, MONTH, DAY, PROVIDER_ID) VALUES (430, 1, 'MAY', 30, 1);
INSERT INTO CAT_DAY_IN_YEAR(ID, VERSION, MONTH, DAY, PROVIDER_ID) VALUES (431, 1, 'MAY', 31, 1);
INSERT INTO CAT_DAY_IN_YEAR(ID, VERSION, MONTH, DAY, PROVIDER_ID) VALUES (501, 1, 'JUNE', 1, 1);
INSERT INTO CAT_DAY_IN_YEAR(ID, VERSION, MONTH, DAY, PROVIDER_ID) VALUES (502, 1, 'JUNE', 2, 1);
INSERT INTO CAT_DAY_IN_YEAR(ID, VERSION, MONTH, DAY, PROVIDER_ID) VALUES (503, 1, 'JUNE', 3, 1);
INSERT INTO CAT_DAY_IN_YEAR(ID, VERSION, MONTH, DAY, PROVIDER_ID) VALUES (504, 1, 'JUNE', 4, 1);
INSERT INTO CAT_DAY_IN_YEAR(ID, VERSION, MONTH, DAY, PROVIDER_ID) VALUES (505, 1, 'JUNE', 5, 1);
INSERT INTO CAT_DAY_IN_YEAR(ID, VERSION, MONTH, DAY, PROVIDER_ID) VALUES (506, 1, 'JUNE', 6, 1);
INSERT INTO CAT_DAY_IN_YEAR(ID, VERSION, MONTH, DAY, PROVIDER_ID) VALUES (507, 1, 'JUNE', 7, 1);
INSERT INTO CAT_DAY_IN_YEAR(ID, VERSION, MONTH, DAY, PROVIDER_ID) VALUES (508, 1, 'JUNE', 8, 1);
INSERT INTO CAT_DAY_IN_YEAR(ID, VERSION, MONTH, DAY, PROVIDER_ID) VALUES (509, 1, 'JUNE', 9, 1);
INSERT INTO CAT_DAY_IN_YEAR(ID, VERSION, MONTH, DAY, PROVIDER_ID) VALUES (510, 1, 'JUNE', 10, 1);
INSERT INTO CAT_DAY_IN_YEAR(ID, VERSION, MONTH, DAY, PROVIDER_ID) VALUES (511, 1, 'JUNE', 11, 1);
INSERT INTO CAT_DAY_IN_YEAR(ID, VERSION, MONTH, DAY, PROVIDER_ID) VALUES (512, 1, 'JUNE', 12, 1);
INSERT INTO CAT_DAY_IN_YEAR(ID, VERSION, MONTH, DAY, PROVIDER_ID) VALUES (513, 1, 'JUNE', 13, 1);
INSERT INTO CAT_DAY_IN_YEAR(ID, VERSION, MONTH, DAY, PROVIDER_ID) VALUES (514, 1, 'JUNE', 14, 1);
INSERT INTO CAT_DAY_IN_YEAR(ID, VERSION, MONTH, DAY, PROVIDER_ID) VALUES (515, 1, 'JUNE', 15, 1);
INSERT INTO CAT_DAY_IN_YEAR(ID, VERSION, MONTH, DAY, PROVIDER_ID) VALUES (516, 1, 'JUNE', 16, 1);
INSERT INTO CAT_DAY_IN_YEAR(ID, VERSION, MONTH, DAY, PROVIDER_ID) VALUES (517, 1, 'JUNE', 17, 1);
INSERT INTO CAT_DAY_IN_YEAR(ID, VERSION, MONTH, DAY, PROVIDER_ID) VALUES (518, 1, 'JUNE', 18, 1);
INSERT INTO CAT_DAY_IN_YEAR(ID, VERSION, MONTH, DAY, PROVIDER_ID) VALUES (519, 1, 'JUNE', 19, 1);
INSERT INTO CAT_DAY_IN_YEAR(ID, VERSION, MONTH, DAY, PROVIDER_ID) VALUES (520, 1, 'JUNE', 20, 1);
INSERT INTO CAT_DAY_IN_YEAR(ID, VERSION, MONTH, DAY, PROVIDER_ID) VALUES (521, 1, 'JUNE', 21, 1);
INSERT INTO CAT_DAY_IN_YEAR(ID, VERSION, MONTH, DAY, PROVIDER_ID) VALUES (522, 1, 'JUNE', 22, 1);
INSERT INTO CAT_DAY_IN_YEAR(ID, VERSION, MONTH, DAY, PROVIDER_ID) VALUES (523, 1, 'JUNE', 23, 1);
INSERT INTO CAT_DAY_IN_YEAR(ID, VERSION, MONTH, DAY, PROVIDER_ID) VALUES (524, 1, 'JUNE', 24, 1);
INSERT INTO CAT_DAY_IN_YEAR(ID, VERSION, MONTH, DAY, PROVIDER_ID) VALUES (525, 1, 'JUNE', 25, 1);
INSERT INTO CAT_DAY_IN_YEAR(ID, VERSION, MONTH, DAY, PROVIDER_ID) VALUES (526, 1, 'JUNE', 26, 1);
INSERT INTO CAT_DAY_IN_YEAR(ID, VERSION, MONTH, DAY, PROVIDER_ID) VALUES (527, 1, 'JUNE', 27, 1);
INSERT INTO CAT_DAY_IN_YEAR(ID, VERSION, MONTH, DAY, PROVIDER_ID) VALUES (528, 1, 'JUNE', 28, 1);
INSERT INTO CAT_DAY_IN_YEAR(ID, VERSION, MONTH, DAY, PROVIDER_ID) VALUES (529, 1, 'JUNE', 29, 1);
INSERT INTO CAT_DAY_IN_YEAR(ID, VERSION, MONTH, DAY, PROVIDER_ID) VALUES (530, 1, 'JUNE', 30, 1);
INSERT INTO CAT_DAY_IN_YEAR(ID, VERSION, MONTH, DAY, PROVIDER_ID) VALUES (601, 1, 'JULY', 1, 1);
INSERT INTO CAT_DAY_IN_YEAR(ID, VERSION, MONTH, DAY, PROVIDER_ID) VALUES (602, 1, 'JULY', 2, 1);
INSERT INTO CAT_DAY_IN_YEAR(ID, VERSION, MONTH, DAY, PROVIDER_ID) VALUES (603, 1, 'JULY', 3, 1);
INSERT INTO CAT_DAY_IN_YEAR(ID, VERSION, MONTH, DAY, PROVIDER_ID) VALUES (604, 1, 'JULY', 4, 1);
INSERT INTO CAT_DAY_IN_YEAR(ID, VERSION, MONTH, DAY, PROVIDER_ID) VALUES (605, 1, 'JULY', 5, 1);
INSERT INTO CAT_DAY_IN_YEAR(ID, VERSION, MONTH, DAY, PROVIDER_ID) VALUES (606, 1, 'JULY', 6, 1);
INSERT INTO CAT_DAY_IN_YEAR(ID, VERSION, MONTH, DAY, PROVIDER_ID) VALUES (607, 1, 'JULY', 7, 1);
INSERT INTO CAT_DAY_IN_YEAR(ID, VERSION, MONTH, DAY, PROVIDER_ID) VALUES (608, 1, 'JULY', 8, 1);
INSERT INTO CAT_DAY_IN_YEAR(ID, VERSION, MONTH, DAY, PROVIDER_ID) VALUES (609, 1, 'JULY', 9, 1);
INSERT INTO CAT_DAY_IN_YEAR(ID, VERSION, MONTH, DAY, PROVIDER_ID) VALUES (610, 1, 'JULY', 10, 1);
INSERT INTO CAT_DAY_IN_YEAR(ID, VERSION, MONTH, DAY, PROVIDER_ID) VALUES (611, 1, 'JULY', 11, 1);
INSERT INTO CAT_DAY_IN_YEAR(ID, VERSION, MONTH, DAY, PROVIDER_ID) VALUES (612, 1, 'JULY', 12, 1);
INSERT INTO CAT_DAY_IN_YEAR(ID, VERSION, MONTH, DAY, PROVIDER_ID) VALUES (613, 1, 'JULY', 13, 1);
INSERT INTO CAT_DAY_IN_YEAR(ID, VERSION, MONTH, DAY, PROVIDER_ID) VALUES (614, 1, 'JULY', 14, 1);
INSERT INTO CAT_DAY_IN_YEAR(ID, VERSION, MONTH, DAY, PROVIDER_ID) VALUES (615, 1, 'JULY', 15, 1);
INSERT INTO CAT_DAY_IN_YEAR(ID, VERSION, MONTH, DAY, PROVIDER_ID) VALUES (616, 1, 'JULY', 16, 1);
INSERT INTO CAT_DAY_IN_YEAR(ID, VERSION, MONTH, DAY, PROVIDER_ID) VALUES (617, 1, 'JULY', 17, 1);
INSERT INTO CAT_DAY_IN_YEAR(ID, VERSION, MONTH, DAY, PROVIDER_ID) VALUES (618, 1, 'JULY', 18, 1);
INSERT INTO CAT_DAY_IN_YEAR(ID, VERSION, MONTH, DAY, PROVIDER_ID) VALUES (619, 1, 'JULY', 19, 1);
INSERT INTO CAT_DAY_IN_YEAR(ID, VERSION, MONTH, DAY, PROVIDER_ID) VALUES (620, 1, 'JULY', 20, 1);
INSERT INTO CAT_DAY_IN_YEAR(ID, VERSION, MONTH, DAY, PROVIDER_ID) VALUES (621, 1, 'JULY', 21, 1);
INSERT INTO CAT_DAY_IN_YEAR(ID, VERSION, MONTH, DAY, PROVIDER_ID) VALUES (622, 1, 'JULY', 22, 1);
INSERT INTO CAT_DAY_IN_YEAR(ID, VERSION, MONTH, DAY, PROVIDER_ID) VALUES (623, 1, 'JULY', 23, 1);
INSERT INTO CAT_DAY_IN_YEAR(ID, VERSION, MONTH, DAY, PROVIDER_ID) VALUES (624, 1, 'JULY', 24, 1);
INSERT INTO CAT_DAY_IN_YEAR(ID, VERSION, MONTH, DAY, PROVIDER_ID) VALUES (625, 1, 'JULY', 25, 1);
INSERT INTO CAT_DAY_IN_YEAR(ID, VERSION, MONTH, DAY, PROVIDER_ID) VALUES (626, 1, 'JULY', 26, 1);
INSERT INTO CAT_DAY_IN_YEAR(ID, VERSION, MONTH, DAY, PROVIDER_ID) VALUES (627, 1, 'JULY', 27, 1);
INSERT INTO CAT_DAY_IN_YEAR(ID, VERSION, MONTH, DAY, PROVIDER_ID) VALUES (628, 1, 'JULY', 28, 1);
INSERT INTO CAT_DAY_IN_YEAR(ID, VERSION, MONTH, DAY, PROVIDER_ID) VALUES (629, 1, 'JULY', 29, 1);
INSERT INTO CAT_DAY_IN_YEAR(ID, VERSION, MONTH, DAY, PROVIDER_ID) VALUES (630, 1, 'JULY', 30, 1);
INSERT INTO CAT_DAY_IN_YEAR(ID, VERSION, MONTH, DAY, PROVIDER_ID) VALUES (631, 1, 'JULY', 31, 1);
INSERT INTO CAT_DAY_IN_YEAR(ID, VERSION, MONTH, DAY, PROVIDER_ID) VALUES (701, 1, 'AUGUST', 1, 1);
INSERT INTO CAT_DAY_IN_YEAR(ID, VERSION, MONTH, DAY, PROVIDER_ID) VALUES (702, 1, 'AUGUST', 2, 1);
INSERT INTO CAT_DAY_IN_YEAR(ID, VERSION, MONTH, DAY, PROVIDER_ID) VALUES (703, 1, 'AUGUST', 3, 1);
INSERT INTO CAT_DAY_IN_YEAR(ID, VERSION, MONTH, DAY, PROVIDER_ID) VALUES (704, 1, 'AUGUST', 4, 1);
INSERT INTO CAT_DAY_IN_YEAR(ID, VERSION, MONTH, DAY, PROVIDER_ID) VALUES (705, 1, 'AUGUST', 5, 1);
INSERT INTO CAT_DAY_IN_YEAR(ID, VERSION, MONTH, DAY, PROVIDER_ID) VALUES (706, 1, 'AUGUST', 6, 1);
INSERT INTO CAT_DAY_IN_YEAR(ID, VERSION, MONTH, DAY, PROVIDER_ID) VALUES (707, 1, 'AUGUST', 7, 1);
INSERT INTO CAT_DAY_IN_YEAR(ID, VERSION, MONTH, DAY, PROVIDER_ID) VALUES (708, 1, 'AUGUST', 8, 1);
INSERT INTO CAT_DAY_IN_YEAR(ID, VERSION, MONTH, DAY, PROVIDER_ID) VALUES (709, 1, 'AUGUST', 9, 1);
INSERT INTO CAT_DAY_IN_YEAR(ID, VERSION, MONTH, DAY, PROVIDER_ID) VALUES (710, 1, 'AUGUST', 10, 1);
INSERT INTO CAT_DAY_IN_YEAR(ID, VERSION, MONTH, DAY, PROVIDER_ID) VALUES (711, 1, 'AUGUST', 11, 1);
INSERT INTO CAT_DAY_IN_YEAR(ID, VERSION, MONTH, DAY, PROVIDER_ID) VALUES (712, 1, 'AUGUST', 12, 1);
INSERT INTO CAT_DAY_IN_YEAR(ID, VERSION, MONTH, DAY, PROVIDER_ID) VALUES (713, 1, 'AUGUST', 13, 1);
INSERT INTO CAT_DAY_IN_YEAR(ID, VERSION, MONTH, DAY, PROVIDER_ID) VALUES (714, 1, 'AUGUST', 14, 1);
INSERT INTO CAT_DAY_IN_YEAR(ID, VERSION, MONTH, DAY, PROVIDER_ID) VALUES (715, 1, 'AUGUST', 15, 1);
INSERT INTO CAT_DAY_IN_YEAR(ID, VERSION, MONTH, DAY, PROVIDER_ID) VALUES (716, 1, 'AUGUST', 16, 1);
INSERT INTO CAT_DAY_IN_YEAR(ID, VERSION, MONTH, DAY, PROVIDER_ID) VALUES (717, 1, 'AUGUST', 17, 1);
INSERT INTO CAT_DAY_IN_YEAR(ID, VERSION, MONTH, DAY, PROVIDER_ID) VALUES (718, 1, 'AUGUST', 18, 1);
INSERT INTO CAT_DAY_IN_YEAR(ID, VERSION, MONTH, DAY, PROVIDER_ID) VALUES (719, 1, 'AUGUST', 19, 1);
INSERT INTO CAT_DAY_IN_YEAR(ID, VERSION, MONTH, DAY, PROVIDER_ID) VALUES (720, 1, 'AUGUST', 20, 1);
INSERT INTO CAT_DAY_IN_YEAR(ID, VERSION, MONTH, DAY, PROVIDER_ID) VALUES (721, 1, 'AUGUST', 21, 1);
INSERT INTO CAT_DAY_IN_YEAR(ID, VERSION, MONTH, DAY, PROVIDER_ID) VALUES (722, 1, 'AUGUST', 22, 1);
INSERT INTO CAT_DAY_IN_YEAR(ID, VERSION, MONTH, DAY, PROVIDER_ID) VALUES (723, 1, 'AUGUST', 23, 1);
INSERT INTO CAT_DAY_IN_YEAR(ID, VERSION, MONTH, DAY, PROVIDER_ID) VALUES (724, 1, 'AUGUST', 24, 1);
INSERT INTO CAT_DAY_IN_YEAR(ID, VERSION, MONTH, DAY, PROVIDER_ID) VALUES (725, 1, 'AUGUST', 25, 1);
INSERT INTO CAT_DAY_IN_YEAR(ID, VERSION, MONTH, DAY, PROVIDER_ID) VALUES (726, 1, 'AUGUST', 26, 1);
INSERT INTO CAT_DAY_IN_YEAR(ID, VERSION, MONTH, DAY, PROVIDER_ID) VALUES (727, 1, 'AUGUST', 27, 1);
INSERT INTO CAT_DAY_IN_YEAR(ID, VERSION, MONTH, DAY, PROVIDER_ID) VALUES (728, 1, 'AUGUST', 28, 1);
INSERT INTO CAT_DAY_IN_YEAR(ID, VERSION, MONTH, DAY, PROVIDER_ID) VALUES (729, 1, 'AUGUST', 29, 1);
INSERT INTO CAT_DAY_IN_YEAR(ID, VERSION, MONTH, DAY, PROVIDER_ID) VALUES (730, 1, 'AUGUST', 30, 1);
INSERT INTO CAT_DAY_IN_YEAR(ID, VERSION, MONTH, DAY, PROVIDER_ID) VALUES (731, 1, 'AUGUST', 31, 1);
INSERT INTO CAT_DAY_IN_YEAR(ID, VERSION, MONTH, DAY, PROVIDER_ID) VALUES (801, 1, 'SEPTEMBER', 1, 1);
INSERT INTO CAT_DAY_IN_YEAR(ID, VERSION, MONTH, DAY, PROVIDER_ID) VALUES (802, 1, 'SEPTEMBER', 2, 1);
INSERT INTO CAT_DAY_IN_YEAR(ID, VERSION, MONTH, DAY, PROVIDER_ID) VALUES (803, 1, 'SEPTEMBER', 3, 1);
INSERT INTO CAT_DAY_IN_YEAR(ID, VERSION, MONTH, DAY, PROVIDER_ID) VALUES (804, 1, 'SEPTEMBER', 4, 1);
INSERT INTO CAT_DAY_IN_YEAR(ID, VERSION, MONTH, DAY, PROVIDER_ID) VALUES (805, 1, 'SEPTEMBER', 5, 1);
INSERT INTO CAT_DAY_IN_YEAR(ID, VERSION, MONTH, DAY, PROVIDER_ID) VALUES (806, 1, 'SEPTEMBER', 6, 1);
INSERT INTO CAT_DAY_IN_YEAR(ID, VERSION, MONTH, DAY, PROVIDER_ID) VALUES (807, 1, 'SEPTEMBER', 7, 1);
INSERT INTO CAT_DAY_IN_YEAR(ID, VERSION, MONTH, DAY, PROVIDER_ID) VALUES (808, 1, 'SEPTEMBER', 8, 1);
INSERT INTO CAT_DAY_IN_YEAR(ID, VERSION, MONTH, DAY, PROVIDER_ID) VALUES (809, 1, 'SEPTEMBER', 9, 1);
INSERT INTO CAT_DAY_IN_YEAR(ID, VERSION, MONTH, DAY, PROVIDER_ID) VALUES (810, 1, 'SEPTEMBER', 10, 1);
INSERT INTO CAT_DAY_IN_YEAR(ID, VERSION, MONTH, DAY, PROVIDER_ID) VALUES (811, 1, 'SEPTEMBER', 11, 1);
INSERT INTO CAT_DAY_IN_YEAR(ID, VERSION, MONTH, DAY, PROVIDER_ID) VALUES (812, 1, 'SEPTEMBER', 12, 1);
INSERT INTO CAT_DAY_IN_YEAR(ID, VERSION, MONTH, DAY, PROVIDER_ID) VALUES (813, 1, 'SEPTEMBER', 13, 1);
INSERT INTO CAT_DAY_IN_YEAR(ID, VERSION, MONTH, DAY, PROVIDER_ID) VALUES (814, 1, 'SEPTEMBER', 14, 1);
INSERT INTO CAT_DAY_IN_YEAR(ID, VERSION, MONTH, DAY, PROVIDER_ID) VALUES (815, 1, 'SEPTEMBER', 15, 1);
INSERT INTO CAT_DAY_IN_YEAR(ID, VERSION, MONTH, DAY, PROVIDER_ID) VALUES (816, 1, 'SEPTEMBER', 16, 1);
INSERT INTO CAT_DAY_IN_YEAR(ID, VERSION, MONTH, DAY, PROVIDER_ID) VALUES (817, 1, 'SEPTEMBER', 17, 1);
INSERT INTO CAT_DAY_IN_YEAR(ID, VERSION, MONTH, DAY, PROVIDER_ID) VALUES (818, 1, 'SEPTEMBER', 18, 1);
INSERT INTO CAT_DAY_IN_YEAR(ID, VERSION, MONTH, DAY, PROVIDER_ID) VALUES (819, 1, 'SEPTEMBER', 19, 1);
INSERT INTO CAT_DAY_IN_YEAR(ID, VERSION, MONTH, DAY, PROVIDER_ID) VALUES (820, 1, 'SEPTEMBER', 20, 1);
INSERT INTO CAT_DAY_IN_YEAR(ID, VERSION, MONTH, DAY, PROVIDER_ID) VALUES (821, 1, 'SEPTEMBER', 21, 1);
INSERT INTO CAT_DAY_IN_YEAR(ID, VERSION, MONTH, DAY, PROVIDER_ID) VALUES (822, 1, 'SEPTEMBER', 22, 1);
INSERT INTO CAT_DAY_IN_YEAR(ID, VERSION, MONTH, DAY, PROVIDER_ID) VALUES (823, 1, 'SEPTEMBER', 23, 1);
INSERT INTO CAT_DAY_IN_YEAR(ID, VERSION, MONTH, DAY, PROVIDER_ID) VALUES (824, 1, 'SEPTEMBER', 24, 1);
INSERT INTO CAT_DAY_IN_YEAR(ID, VERSION, MONTH, DAY, PROVIDER_ID) VALUES (825, 1, 'SEPTEMBER', 25, 1);
INSERT INTO CAT_DAY_IN_YEAR(ID, VERSION, MONTH, DAY, PROVIDER_ID) VALUES (826, 1, 'SEPTEMBER', 26, 1);
INSERT INTO CAT_DAY_IN_YEAR(ID, VERSION, MONTH, DAY, PROVIDER_ID) VALUES (827, 1, 'SEPTEMBER', 27, 1);
INSERT INTO CAT_DAY_IN_YEAR(ID, VERSION, MONTH, DAY, PROVIDER_ID) VALUES (828, 1, 'SEPTEMBER', 28, 1);
INSERT INTO CAT_DAY_IN_YEAR(ID, VERSION, MONTH, DAY, PROVIDER_ID) VALUES (829, 1, 'SEPTEMBER', 29, 1);
INSERT INTO CAT_DAY_IN_YEAR(ID, VERSION, MONTH, DAY, PROVIDER_ID) VALUES (830, 1, 'SEPTEMBER', 30, 1);
INSERT INTO CAT_DAY_IN_YEAR(ID, VERSION, MONTH, DAY, PROVIDER_ID) VALUES (901, 1, 'OCTOBER', 1, 1);
INSERT INTO CAT_DAY_IN_YEAR(ID, VERSION, MONTH, DAY, PROVIDER_ID) VALUES (902, 1, 'OCTOBER', 2, 1);
INSERT INTO CAT_DAY_IN_YEAR(ID, VERSION, MONTH, DAY, PROVIDER_ID) VALUES (903, 1, 'OCTOBER', 3, 1);
INSERT INTO CAT_DAY_IN_YEAR(ID, VERSION, MONTH, DAY, PROVIDER_ID) VALUES (904, 1, 'OCTOBER', 4, 1);
INSERT INTO CAT_DAY_IN_YEAR(ID, VERSION, MONTH, DAY, PROVIDER_ID) VALUES (905, 1, 'OCTOBER', 5, 1);
INSERT INTO CAT_DAY_IN_YEAR(ID, VERSION, MONTH, DAY, PROVIDER_ID) VALUES (906, 1, 'OCTOBER', 6, 1);
INSERT INTO CAT_DAY_IN_YEAR(ID, VERSION, MONTH, DAY, PROVIDER_ID) VALUES (907, 1, 'OCTOBER', 7, 1);
INSERT INTO CAT_DAY_IN_YEAR(ID, VERSION, MONTH, DAY, PROVIDER_ID) VALUES (908, 1, 'OCTOBER', 8, 1);
INSERT INTO CAT_DAY_IN_YEAR(ID, VERSION, MONTH, DAY, PROVIDER_ID) VALUES (909, 1, 'OCTOBER', 9, 1);
INSERT INTO CAT_DAY_IN_YEAR(ID, VERSION, MONTH, DAY, PROVIDER_ID) VALUES (910, 1, 'OCTOBER', 10, 1);
INSERT INTO CAT_DAY_IN_YEAR(ID, VERSION, MONTH, DAY, PROVIDER_ID) VALUES (911, 1, 'OCTOBER', 11, 1);
INSERT INTO CAT_DAY_IN_YEAR(ID, VERSION, MONTH, DAY, PROVIDER_ID) VALUES (912, 1, 'OCTOBER', 12, 1);
INSERT INTO CAT_DAY_IN_YEAR(ID, VERSION, MONTH, DAY, PROVIDER_ID) VALUES (913, 1, 'OCTOBER', 13, 1);
INSERT INTO CAT_DAY_IN_YEAR(ID, VERSION, MONTH, DAY, PROVIDER_ID) VALUES (914, 1, 'OCTOBER', 14, 1);
INSERT INTO CAT_DAY_IN_YEAR(ID, VERSION, MONTH, DAY, PROVIDER_ID) VALUES (915, 1, 'OCTOBER', 15, 1);
INSERT INTO CAT_DAY_IN_YEAR(ID, VERSION, MONTH, DAY, PROVIDER_ID) VALUES (916, 1, 'OCTOBER', 16, 1);
INSERT INTO CAT_DAY_IN_YEAR(ID, VERSION, MONTH, DAY, PROVIDER_ID) VALUES (917, 1, 'OCTOBER', 17, 1);
INSERT INTO CAT_DAY_IN_YEAR(ID, VERSION, MONTH, DAY, PROVIDER_ID) VALUES (918, 1, 'OCTOBER', 18, 1);
INSERT INTO CAT_DAY_IN_YEAR(ID, VERSION, MONTH, DAY, PROVIDER_ID) VALUES (919, 1, 'OCTOBER', 19, 1);
INSERT INTO CAT_DAY_IN_YEAR(ID, VERSION, MONTH, DAY, PROVIDER_ID) VALUES (920, 1, 'OCTOBER', 20, 1);
INSERT INTO CAT_DAY_IN_YEAR(ID, VERSION, MONTH, DAY, PROVIDER_ID) VALUES (921, 1, 'OCTOBER', 21, 1);
INSERT INTO CAT_DAY_IN_YEAR(ID, VERSION, MONTH, DAY, PROVIDER_ID) VALUES (922, 1, 'OCTOBER', 22, 1);
INSERT INTO CAT_DAY_IN_YEAR(ID, VERSION, MONTH, DAY, PROVIDER_ID) VALUES (923, 1, 'OCTOBER', 23, 1);
INSERT INTO CAT_DAY_IN_YEAR(ID, VERSION, MONTH, DAY, PROVIDER_ID) VALUES (924, 1, 'OCTOBER', 24, 1);
INSERT INTO CAT_DAY_IN_YEAR(ID, VERSION, MONTH, DAY, PROVIDER_ID) VALUES (925, 1, 'OCTOBER', 25, 1);
INSERT INTO CAT_DAY_IN_YEAR(ID, VERSION, MONTH, DAY, PROVIDER_ID) VALUES (926, 1, 'OCTOBER', 26, 1);
INSERT INTO CAT_DAY_IN_YEAR(ID, VERSION, MONTH, DAY, PROVIDER_ID) VALUES (927, 1, 'OCTOBER', 27, 1);
INSERT INTO CAT_DAY_IN_YEAR(ID, VERSION, MONTH, DAY, PROVIDER_ID) VALUES (928, 1, 'OCTOBER', 28, 1);
INSERT INTO CAT_DAY_IN_YEAR(ID, VERSION, MONTH, DAY, PROVIDER_ID) VALUES (929, 1, 'OCTOBER', 29, 1);
INSERT INTO CAT_DAY_IN_YEAR(ID, VERSION, MONTH, DAY, PROVIDER_ID) VALUES (930, 1, 'OCTOBER', 30, 1);
INSERT INTO CAT_DAY_IN_YEAR(ID, VERSION, MONTH, DAY, PROVIDER_ID) VALUES (931, 1, 'OCTOBER', 31, 1);
INSERT INTO CAT_DAY_IN_YEAR(ID, VERSION, MONTH, DAY, PROVIDER_ID) VALUES (1001, 1, 'NOVEMBER', 1, 1);
INSERT INTO CAT_DAY_IN_YEAR(ID, VERSION, MONTH, DAY, PROVIDER_ID) VALUES (1002, 1, 'NOVEMBER', 2, 1);
INSERT INTO CAT_DAY_IN_YEAR(ID, VERSION, MONTH, DAY, PROVIDER_ID) VALUES (1003, 1, 'NOVEMBER', 3, 1);
INSERT INTO CAT_DAY_IN_YEAR(ID, VERSION, MONTH, DAY, PROVIDER_ID) VALUES (1004, 1, 'NOVEMBER', 4, 1);
INSERT INTO CAT_DAY_IN_YEAR(ID, VERSION, MONTH, DAY, PROVIDER_ID) VALUES (1005, 1, 'NOVEMBER', 5, 1);
INSERT INTO CAT_DAY_IN_YEAR(ID, VERSION, MONTH, DAY, PROVIDER_ID) VALUES (1006, 1, 'NOVEMBER', 6, 1);
INSERT INTO CAT_DAY_IN_YEAR(ID, VERSION, MONTH, DAY, PROVIDER_ID) VALUES (1007, 1, 'NOVEMBER', 7, 1);
INSERT INTO CAT_DAY_IN_YEAR(ID, VERSION, MONTH, DAY, PROVIDER_ID) VALUES (1008, 1, 'NOVEMBER', 8, 1);
INSERT INTO CAT_DAY_IN_YEAR(ID, VERSION, MONTH, DAY, PROVIDER_ID) VALUES (1009, 1, 'NOVEMBER', 9, 1);
INSERT INTO CAT_DAY_IN_YEAR(ID, VERSION, MONTH, DAY, PROVIDER_ID) VALUES (1010, 1, 'NOVEMBER', 10, 1);
INSERT INTO CAT_DAY_IN_YEAR(ID, VERSION, MONTH, DAY, PROVIDER_ID) VALUES (1011, 1, 'NOVEMBER', 11, 1);
INSERT INTO CAT_DAY_IN_YEAR(ID, VERSION, MONTH, DAY, PROVIDER_ID) VALUES (1012, 1, 'NOVEMBER', 12, 1);
INSERT INTO CAT_DAY_IN_YEAR(ID, VERSION, MONTH, DAY, PROVIDER_ID) VALUES (1013, 1, 'NOVEMBER', 13, 1);
INSERT INTO CAT_DAY_IN_YEAR(ID, VERSION, MONTH, DAY, PROVIDER_ID) VALUES (1014, 1, 'NOVEMBER', 14, 1);
INSERT INTO CAT_DAY_IN_YEAR(ID, VERSION, MONTH, DAY, PROVIDER_ID) VALUES (1015, 1, 'NOVEMBER', 15, 1);
INSERT INTO CAT_DAY_IN_YEAR(ID, VERSION, MONTH, DAY, PROVIDER_ID) VALUES (1016, 1, 'NOVEMBER', 16, 1);
INSERT INTO CAT_DAY_IN_YEAR(ID, VERSION, MONTH, DAY, PROVIDER_ID) VALUES (1017, 1, 'NOVEMBER', 17, 1);
INSERT INTO CAT_DAY_IN_YEAR(ID, VERSION, MONTH, DAY, PROVIDER_ID) VALUES (1018, 1, 'NOVEMBER', 18, 1);
INSERT INTO CAT_DAY_IN_YEAR(ID, VERSION, MONTH, DAY, PROVIDER_ID) VALUES (1019, 1, 'NOVEMBER', 19, 1);
INSERT INTO CAT_DAY_IN_YEAR(ID, VERSION, MONTH, DAY, PROVIDER_ID) VALUES (1020, 1, 'NOVEMBER', 20, 1);
INSERT INTO CAT_DAY_IN_YEAR(ID, VERSION, MONTH, DAY, PROVIDER_ID) VALUES (1021, 1, 'NOVEMBER', 21, 1);
INSERT INTO CAT_DAY_IN_YEAR(ID, VERSION, MONTH, DAY, PROVIDER_ID) VALUES (1022, 1, 'NOVEMBER', 22, 1);
INSERT INTO CAT_DAY_IN_YEAR(ID, VERSION, MONTH, DAY, PROVIDER_ID) VALUES (1023, 1, 'NOVEMBER', 23, 1);
INSERT INTO CAT_DAY_IN_YEAR(ID, VERSION, MONTH, DAY, PROVIDER_ID) VALUES (1024, 1, 'NOVEMBER', 24, 1);
INSERT INTO CAT_DAY_IN_YEAR(ID, VERSION, MONTH, DAY, PROVIDER_ID) VALUES (1025, 1, 'NOVEMBER', 25, 1);
INSERT INTO CAT_DAY_IN_YEAR(ID, VERSION, MONTH, DAY, PROVIDER_ID) VALUES (1026, 1, 'NOVEMBER', 26, 1);
INSERT INTO CAT_DAY_IN_YEAR(ID, VERSION, MONTH, DAY, PROVIDER_ID) VALUES (1027, 1, 'NOVEMBER', 27, 1);
INSERT INTO CAT_DAY_IN_YEAR(ID, VERSION, MONTH, DAY, PROVIDER_ID) VALUES (1028, 1, 'NOVEMBER', 28, 1);
INSERT INTO CAT_DAY_IN_YEAR(ID, VERSION, MONTH, DAY, PROVIDER_ID) VALUES (1029, 1, 'NOVEMBER', 29, 1);
INSERT INTO CAT_DAY_IN_YEAR(ID, VERSION, MONTH, DAY, PROVIDER_ID) VALUES (1030, 1, 'NOVEMBER', 30, 1);
INSERT INTO CAT_DAY_IN_YEAR(ID, VERSION, MONTH, DAY, PROVIDER_ID) VALUES (1101, 1, 'DECEMBER', 1, 1);
INSERT INTO CAT_DAY_IN_YEAR(ID, VERSION, MONTH, DAY, PROVIDER_ID) VALUES (1102, 1, 'DECEMBER', 2, 1);
INSERT INTO CAT_DAY_IN_YEAR(ID, VERSION, MONTH, DAY, PROVIDER_ID) VALUES (1103, 1, 'DECEMBER', 3, 1);
INSERT INTO CAT_DAY_IN_YEAR(ID, VERSION, MONTH, DAY, PROVIDER_ID) VALUES (1104, 1, 'DECEMBER', 4, 1);
INSERT INTO CAT_DAY_IN_YEAR(ID, VERSION, MONTH, DAY, PROVIDER_ID) VALUES (1105, 1, 'DECEMBER', 5, 1);
INSERT INTO CAT_DAY_IN_YEAR(ID, VERSION, MONTH, DAY, PROVIDER_ID) VALUES (1106, 1, 'DECEMBER', 6, 1);
INSERT INTO CAT_DAY_IN_YEAR(ID, VERSION, MONTH, DAY, PROVIDER_ID) VALUES (1107, 1, 'DECEMBER', 7, 1);
INSERT INTO CAT_DAY_IN_YEAR(ID, VERSION, MONTH, DAY, PROVIDER_ID) VALUES (1108, 1, 'DECEMBER', 8, 1);
INSERT INTO CAT_DAY_IN_YEAR(ID, VERSION, MONTH, DAY, PROVIDER_ID) VALUES (1109, 1, 'DECEMBER', 9, 1);
INSERT INTO CAT_DAY_IN_YEAR(ID, VERSION, MONTH, DAY, PROVIDER_ID) VALUES (1110, 1, 'DECEMBER', 10, 1);
INSERT INTO CAT_DAY_IN_YEAR(ID, VERSION, MONTH, DAY, PROVIDER_ID) VALUES (1111, 1, 'DECEMBER', 11, 1);
INSERT INTO CAT_DAY_IN_YEAR(ID, VERSION, MONTH, DAY, PROVIDER_ID) VALUES (1112, 1, 'DECEMBER', 12, 1);
INSERT INTO CAT_DAY_IN_YEAR(ID, VERSION, MONTH, DAY, PROVIDER_ID) VALUES (1113, 1, 'DECEMBER', 13, 1);
INSERT INTO CAT_DAY_IN_YEAR(ID, VERSION, MONTH, DAY, PROVIDER_ID) VALUES (1114, 1, 'DECEMBER', 14, 1);
INSERT INTO CAT_DAY_IN_YEAR(ID, VERSION, MONTH, DAY, PROVIDER_ID) VALUES (1115, 1, 'DECEMBER', 15, 1);
INSERT INTO CAT_DAY_IN_YEAR(ID, VERSION, MONTH, DAY, PROVIDER_ID) VALUES (1116, 1, 'DECEMBER', 16, 1);
INSERT INTO CAT_DAY_IN_YEAR(ID, VERSION, MONTH, DAY, PROVIDER_ID) VALUES (1117, 1, 'DECEMBER', 17, 1);
INSERT INTO CAT_DAY_IN_YEAR(ID, VERSION, MONTH, DAY, PROVIDER_ID) VALUES (1118, 1, 'DECEMBER', 18, 1);
INSERT INTO CAT_DAY_IN_YEAR(ID, VERSION, MONTH, DAY, PROVIDER_ID) VALUES (1119, 1, 'DECEMBER', 19, 1);
INSERT INTO CAT_DAY_IN_YEAR(ID, VERSION, MONTH, DAY, PROVIDER_ID) VALUES (1120, 1, 'DECEMBER', 20, 1);
INSERT INTO CAT_DAY_IN_YEAR(ID, VERSION, MONTH, DAY, PROVIDER_ID) VALUES (1121, 1, 'DECEMBER', 21, 1);
INSERT INTO CAT_DAY_IN_YEAR(ID, VERSION, MONTH, DAY, PROVIDER_ID) VALUES (1122, 1, 'DECEMBER', 22, 1);
INSERT INTO CAT_DAY_IN_YEAR(ID, VERSION, MONTH, DAY, PROVIDER_ID) VALUES (1123, 1, 'DECEMBER', 23, 1);
INSERT INTO CAT_DAY_IN_YEAR(ID, VERSION, MONTH, DAY, PROVIDER_ID) VALUES (1124, 1, 'DECEMBER', 24, 1);
INSERT INTO CAT_DAY_IN_YEAR(ID, VERSION, MONTH, DAY, PROVIDER_ID) VALUES (1125, 1, 'DECEMBER', 25, 1);
INSERT INTO CAT_DAY_IN_YEAR(ID, VERSION, MONTH, DAY, PROVIDER_ID) VALUES (1126, 1, 'DECEMBER', 26, 1);
INSERT INTO CAT_DAY_IN_YEAR(ID, VERSION, MONTH, DAY, PROVIDER_ID) VALUES (1127, 1, 'DECEMBER', 27, 1);
INSERT INTO CAT_DAY_IN_YEAR(ID, VERSION, MONTH, DAY, PROVIDER_ID) VALUES (1128, 1, 'DECEMBER', 28, 1);
INSERT INTO CAT_DAY_IN_YEAR(ID, VERSION, MONTH, DAY, PROVIDER_ID) VALUES (1129, 1, 'DECEMBER', 29, 1);
INSERT INTO CAT_DAY_IN_YEAR(ID, VERSION, MONTH, DAY, PROVIDER_ID) VALUES (1130, 1, 'DECEMBER', 30, 1);
INSERT INTO CAT_DAY_IN_YEAR(ID, VERSION, MONTH, DAY, PROVIDER_ID) VALUES (1131, 1, 'DECEMBER', 31, 1);

DROP SEQUENCE CAT_DAY_IN_YEAR_SEQ;
CREATE SEQUENCE CAT_DAY_IN_YEAR_SEQ START WITH 1132;

-- Tax
INSERT INTO BILLING_TAX (ID, VERSION, DISABLED, CREATED, PROVIDER_ID, UPDATED, CODE, DESCRIPTION, ACCOUNTING_CODE, PERCENT, CREATOR_ID, UPDATER_ID) VALUES (1, 0, 0, sysdate, 1, null, '1', 'Taux Réduit 5,5%', '0019D,44571,00000,000,0000,00000000,00000', 5.5, 6, null);
INSERT INTO BILLING_TAX (ID, VERSION, DISABLED, CREATED, PROVIDER_ID, UPDATED, CODE, DESCRIPTION, ACCOUNTING_CODE, PERCENT, CREATOR_ID, UPDATER_ID) VALUES (2, 0, 0, sysdate, 1, null, '2', 'Taux Normal 19,6%', '0019D,44571,00000,000,0000,00000000,00000', 19.6, 6, null);
INSERT INTO BILLING_TAX (ID, VERSION, DISABLED, CREATED, PROVIDER_ID, UPDATED, CODE, DESCRIPTION, ACCOUNTING_CODE, PERCENT, CREATOR_ID, UPDATER_ID) VALUES (3, 0, 0, sysdate, 1, null, '0', 'Exonération TVA', '0019D,00000,00000,000,0000,00000000,00000', 0, 6, null);

DROP SEQUENCE BILLING_TAX_SEQ;
CREATE SEQUENCE BILLING_TAX_SEQ START WITH 4;

-- Invoice Cat
INSERT INTO BILLING_INVOICE_CAT (ID, VERSION, DISABLED, CREATED, PROVIDER_ID, UPDATED, CODE, DESCRIPTION, DISCOUNT, UPDATER_ID, CREATOR_ID) VALUES (1, 0, 0, sysdate, 1, null, 'ABONNEMENT', 'Abonnement', null, null, 6);
INSERT INTO BILLING_INVOICE_CAT (ID, VERSION, DISABLED, CREATED, PROVIDER_ID, UPDATED, CODE, DESCRIPTION, DISCOUNT, UPDATER_ID, CREATOR_ID) VALUES (2, 0, 0, sysdate, 1, null, 'MIS_EN_SERV', 'Mise en service', null, null, 6);
INSERT INTO BILLING_INVOICE_CAT (ID, VERSION, DISABLED, CREATED, PROVIDER_ID, UPDATED, CODE, DESCRIPTION, DISCOUNT, UPDATER_ID, CREATOR_ID) VALUES (3, 0, 0, sysdate, 1, null, 'RESILIATION', 'Résiliation', null, null, 6);
INSERT INTO BILLING_INVOICE_CAT (ID, VERSION, DISABLED, CREATED, PROVIDER_ID, UPDATED, CODE, DESCRIPTION, DISCOUNT, UPDATER_ID, CREATOR_ID) VALUES (4, 0, 0, sysdate, 1, null, 'AUTRE_PREST', 'Autres prestations', null, null, 6);

DROP SEQUENCE BILLING_INVOICE_CAT_SEQ;
CREATE SEQUENCE BILLING_INVOICE_CAT_SEQ START WITH 5;

-- Cal
INSERT INTO CAT_CALENDAR (ID, VERSION, DISABLED, CREATED, PROVIDER_ID, UPDATED, NAME, CALENDAR_TYPE, CREATOR_ID, UPDATER_ID) VALUES (1, 0, 0, sysdate, 1, null, 'UVM1', 'CHARGE_IMPUTATION', 6, null);
INSERT INTO CAT_CALENDAR (ID, VERSION, DISABLED, CREATED, PROVIDER_ID, UPDATED, NAME, CALENDAR_TYPE, CREATOR_ID, UPDATER_ID) VALUES (2, 0, 0, sysdate, 1, null, 'PCM1', 'DURATION_TERM', 6, null);
INSERT INTO CAT_CALENDAR (ID, VERSION, DISABLED, CREATED, PROVIDER_ID, UPDATED, NAME, CALENDAR_TYPE, CREATOR_ID, UPDATER_ID) VALUES (3, 0, 0, sysdate, 1, null, 'PCT1', 'DURATION_TERM', 6, null);
INSERT INTO CAT_CALENDAR (ID, VERSION, DISABLED, CREATED, PROVIDER_ID, UPDATED, NAME, CALENDAR_TYPE, CREATOR_ID, UPDATER_ID) VALUES (4, 0, 0, sysdate, 1, null, 'PCS1', 'DURATION_TERM', 6, null);
INSERT INTO CAT_CALENDAR (ID, VERSION, DISABLED, CREATED, PROVIDER_ID, UPDATED, NAME, CALENDAR_TYPE, CREATOR_ID, UPDATER_ID) VALUES (5, 0, 0, sysdate, 1, null, 'PCA1', 'DURATION_TERM', 6, null);
INSERT INTO CAT_CALENDAR (ID, VERSION, DISABLED, CREATED, PROVIDER_ID, UPDATED, NAME, CALENDAR_TYPE, CREATOR_ID, UPDATER_ID) VALUES (6, 0, 0, sysdate, 1, null, 'RFS4', 'DURATION_TERM', 6, null);
INSERT INTO CAT_CALENDAR (ID, VERSION, DISABLED, CREATED, PROVIDER_ID, UPDATED, NAME, CALENDAR_TYPE, CREATOR_ID, UPDATER_ID) VALUES (7, 0, 0, sysdate, 1, null, 'CFM1', 'BILLING', 6, null);
INSERT INTO CAT_CALENDAR (ID, VERSION, DISABLED, CREATED, PROVIDER_ID, UPDATED, NAME, CALENDAR_TYPE, CREATOR_ID, UPDATER_ID) VALUES (8, 0, 0, sysdate, 1, null, 'CFS1', 'BILLING', 6, null);
INSERT INTO CAT_CALENDAR (ID, VERSION, DISABLED, CREATED, PROVIDER_ID, UPDATED, NAME, CALENDAR_TYPE, CREATOR_ID, UPDATER_ID) VALUES (9, 0, 0, sysdate, 1, null, 'CFS4', 'BILLING', 6, null);

DROP SEQUENCE CAT_CALENDAR_SEQ;
CREATE SEQUENCE CAT_CALENDAR_SEQ START WITH 10;

INSERT INTO CAT_CALENDAR_DAYS (CALENDAR_ID, DAY_ID) VALUES (1, 1);
INSERT INTO CAT_CALENDAR_DAYS (CALENDAR_ID, DAY_ID) VALUES (1, 101);
INSERT INTO CAT_CALENDAR_DAYS (CALENDAR_ID, DAY_ID) VALUES (1, 201);
INSERT INTO CAT_CALENDAR_DAYS (CALENDAR_ID, DAY_ID) VALUES (1, 301);
INSERT INTO CAT_CALENDAR_DAYS (CALENDAR_ID, DAY_ID) VALUES (1, 401);
INSERT INTO CAT_CALENDAR_DAYS (CALENDAR_ID, DAY_ID) VALUES (1, 501);
INSERT INTO CAT_CALENDAR_DAYS (CALENDAR_ID, DAY_ID) VALUES (1, 601);
INSERT INTO CAT_CALENDAR_DAYS (CALENDAR_ID, DAY_ID) VALUES (1, 701);
INSERT INTO CAT_CALENDAR_DAYS (CALENDAR_ID, DAY_ID) VALUES (1, 801);
INSERT INTO CAT_CALENDAR_DAYS (CALENDAR_ID, DAY_ID) VALUES (1, 901);
INSERT INTO CAT_CALENDAR_DAYS (CALENDAR_ID, DAY_ID) VALUES (1, 1001);
INSERT INTO CAT_CALENDAR_DAYS (CALENDAR_ID, DAY_ID) VALUES (1, 1101);
INSERT INTO CAT_CALENDAR_DAYS (CALENDAR_ID, DAY_ID) VALUES (2, 1);
INSERT INTO CAT_CALENDAR_DAYS (CALENDAR_ID, DAY_ID) VALUES (2, 101);
INSERT INTO CAT_CALENDAR_DAYS (CALENDAR_ID, DAY_ID) VALUES (2, 201);
INSERT INTO CAT_CALENDAR_DAYS (CALENDAR_ID, DAY_ID) VALUES (2, 301);
INSERT INTO CAT_CALENDAR_DAYS (CALENDAR_ID, DAY_ID) VALUES (2, 401);
INSERT INTO CAT_CALENDAR_DAYS (CALENDAR_ID, DAY_ID) VALUES (2, 501);
INSERT INTO CAT_CALENDAR_DAYS (CALENDAR_ID, DAY_ID) VALUES (2, 601);
INSERT INTO CAT_CALENDAR_DAYS (CALENDAR_ID, DAY_ID) VALUES (2, 701);
INSERT INTO CAT_CALENDAR_DAYS (CALENDAR_ID, DAY_ID) VALUES (2, 801);
INSERT INTO CAT_CALENDAR_DAYS (CALENDAR_ID, DAY_ID) VALUES (2, 901);
INSERT INTO CAT_CALENDAR_DAYS (CALENDAR_ID, DAY_ID) VALUES (2, 1001);
INSERT INTO CAT_CALENDAR_DAYS (CALENDAR_ID, DAY_ID) VALUES (2, 1101);
INSERT INTO CAT_CALENDAR_DAYS (CALENDAR_ID, DAY_ID) VALUES (3, 1);
INSERT INTO CAT_CALENDAR_DAYS (CALENDAR_ID, DAY_ID) VALUES (3, 301);
INSERT INTO CAT_CALENDAR_DAYS (CALENDAR_ID, DAY_ID) VALUES (3, 601);
INSERT INTO CAT_CALENDAR_DAYS (CALENDAR_ID, DAY_ID) VALUES (3, 901);
INSERT INTO CAT_CALENDAR_DAYS (CALENDAR_ID, DAY_ID) VALUES (4, 1);
INSERT INTO CAT_CALENDAR_DAYS (CALENDAR_ID, DAY_ID) VALUES (4, 601);
INSERT INTO CAT_CALENDAR_DAYS (CALENDAR_ID, DAY_ID) VALUES (5, 1);
INSERT INTO CAT_CALENDAR_DAYS (CALENDAR_ID, DAY_ID) VALUES (6, 301);
INSERT INTO CAT_CALENDAR_DAYS (CALENDAR_ID, DAY_ID) VALUES (6, 601);
INSERT INTO CAT_CALENDAR_DAYS (CALENDAR_ID, DAY_ID) VALUES (7, 1);
INSERT INTO CAT_CALENDAR_DAYS (CALENDAR_ID, DAY_ID) VALUES (7, 101);
INSERT INTO CAT_CALENDAR_DAYS (CALENDAR_ID, DAY_ID) VALUES (7, 201);
INSERT INTO CAT_CALENDAR_DAYS (CALENDAR_ID, DAY_ID) VALUES (7, 301);
INSERT INTO CAT_CALENDAR_DAYS (CALENDAR_ID, DAY_ID) VALUES (7, 401);
INSERT INTO CAT_CALENDAR_DAYS (CALENDAR_ID, DAY_ID) VALUES (7, 501);
INSERT INTO CAT_CALENDAR_DAYS (CALENDAR_ID, DAY_ID) VALUES (7, 601);
INSERT INTO CAT_CALENDAR_DAYS (CALENDAR_ID, DAY_ID) VALUES (7, 701);
INSERT INTO CAT_CALENDAR_DAYS (CALENDAR_ID, DAY_ID) VALUES (7, 801);
INSERT INTO CAT_CALENDAR_DAYS (CALENDAR_ID, DAY_ID) VALUES (7, 901);
INSERT INTO CAT_CALENDAR_DAYS (CALENDAR_ID, DAY_ID) VALUES (7, 1001);
INSERT INTO CAT_CALENDAR_DAYS (CALENDAR_ID, DAY_ID) VALUES (7, 1101);
INSERT INTO CAT_CALENDAR_DAYS (CALENDAR_ID, DAY_ID) VALUES (8, 1);
INSERT INTO CAT_CALENDAR_DAYS (CALENDAR_ID, DAY_ID) VALUES (8, 601);
INSERT INTO CAT_CALENDAR_DAYS (CALENDAR_ID, DAY_ID) VALUES (9, 301);
INSERT INTO CAT_CALENDAR_DAYS (CALENDAR_ID, DAY_ID) VALUES (9, 901);


-- Billing cyle
INSERT INTO BILLING_CYCLE (ID, VERSION, DISABLED, CREATED, PROVIDER_ID, UPDATED, CODE, DESCRIPTION, BILLING_TEMPLATE_NAME, INVOICE_DATE_DELAY, DUE_DATE_DELAY, UPDATER_ID, CALENDAR, CREATOR_ID) VALUES (1, 0, 0, sysdate, 1, null, 'PART', 'Particulier', 'A', 20, 15, null, 7, 6);
INSERT INTO BILLING_CYCLE (ID, VERSION, DISABLED, CREATED, PROVIDER_ID, UPDATED, CODE, DESCRIPTION, BILLING_TEMPLATE_NAME, INVOICE_DATE_DELAY, DUE_DATE_DELAY, UPDATER_ID, CALENDAR, CREATOR_ID) VALUES (2, 0, 0, sysdate, 1, null, 'TPE', 'Très Petites Entreprises', 'A', 20, 15, null, 8, 6);
INSERT INTO BILLING_CYCLE (ID, VERSION, DISABLED, CREATED, PROVIDER_ID, UPDATED, CODE, DESCRIPTION, BILLING_TEMPLATE_NAME, INVOICE_DATE_DELAY, DUE_DATE_DELAY, UPDATER_ID, CALENDAR, CREATOR_ID) VALUES (3, 0, 0, sysdate, 1, null, 'PRO', 'Professionnels', 'A', 1, 5, null, 9, 6);
INSERT INTO BILLING_CYCLE (ID, VERSION, DISABLED, CREATED, PROVIDER_ID, UPDATED, CODE, DESCRIPTION, BILLING_TEMPLATE_NAME, INVOICE_DATE_DELAY, DUE_DATE_DELAY, UPDATER_ID, CALENDAR, CREATOR_ID) VALUES (4, 0, 0, sysdate, 1, null, 'GC', 'Grands comptes', 'A', 1, 29, null, 7, 6);
INSERT INTO BILLING_CYCLE (ID, VERSION, DISABLED, CREATED, PROVIDER_ID, UPDATED, CODE, DESCRIPTION, BILLING_TEMPLATE_NAME, INVOICE_DATE_DELAY, DUE_DATE_DELAY, UPDATER_ID, CALENDAR, CREATOR_ID) VALUES (5, 0, 0, sysdate, 1, null, 'SYND', 'Syndic', 'A', 0, 0, null, 7, 6);

DROP SEQUENCE BILLING_CYCLE_SEQ;
CREATE SEQUENCE BILLING_CYCLE_SEQ START WITH 6;

-- Invoice sub cat
INSERT INTO BILLING_INVOICE_SUB_CAT (ID, VERSION, DISABLED, CREATED, PROVIDER_ID, UPDATED, CODE, DESCRIPTION, ACCOUNTING_CODE, DISCOUNT, UPDATER_ID, INVOICE_CATEGORY_ID, CREATOR_ID, TAX_ID) VALUES (1, 0, 0, sysdate, 1, null, 'SubCategory1', 'Sub category 1', '0019D,70618,9741,004,ZONE,00000000,MEVEO', null, null, 1, 6, 1);
INSERT INTO BILLING_INVOICE_SUB_CAT (ID, VERSION, DISABLED, CREATED, PROVIDER_ID, UPDATED, CODE, DESCRIPTION, ACCOUNTING_CODE, DISCOUNT, UPDATER_ID, INVOICE_CATEGORY_ID, CREATOR_ID, TAX_ID) VALUES (2, 0, 0, sysdate, 1, null, 'SubCategory2', 'Sub category 1', '0019D,70618,9741,011,ZONE,00000000,MEVEO', null, null, 2, 6, 1);
INSERT INTO BILLING_INVOICE_SUB_CAT (ID, VERSION, DISABLED, CREATED, PROVIDER_ID, UPDATED, CODE, DESCRIPTION, ACCOUNTING_CODE, DISCOUNT, UPDATER_ID, INVOICE_CATEGORY_ID, CREATOR_ID, TAX_ID) VALUES (3, 0, 0, sysdate, 1, null, 'SubCategory3', 'Sub category 1', '0019D,70618,9741,005,ZONE,00000000,MEVEO', null, null, 1, 6, 1);
INSERT INTO BILLING_INVOICE_SUB_CAT (ID, VERSION, DISABLED, CREATED, PROVIDER_ID, UPDATED, CODE, DESCRIPTION, ACCOUNTING_CODE, DISCOUNT, UPDATER_ID, INVOICE_CATEGORY_ID, CREATOR_ID, TAX_ID) VALUES (4, 0, 0, sysdate, 1, null, 'SubCategory4', 'Sub category 1', '0019D,70618,9741,011,ZONE,00000000,MEVEO', null, null, 2, 6, 1);
INSERT INTO BILLING_INVOICE_SUB_CAT (ID, VERSION, DISABLED, CREATED, PROVIDER_ID, UPDATED, CODE, DESCRIPTION, ACCOUNTING_CODE, DISCOUNT, UPDATER_ID, INVOICE_CATEGORY_ID, CREATOR_ID, TAX_ID) VALUES (5, 0, 0, sysdate, 1, null, 'SubCategory5', 'Sub category 1', '0019D,70618,9741,006,ZONE,00000000,MEVEO', null, null, 1, 6, 1);
INSERT INTO BILLING_INVOICE_SUB_CAT (ID, VERSION, DISABLED, CREATED, PROVIDER_ID, UPDATED, CODE, DESCRIPTION, ACCOUNTING_CODE, DISCOUNT, UPDATER_ID, INVOICE_CATEGORY_ID, CREATOR_ID, TAX_ID) VALUES (6, 0, 0, sysdate, 1, null, 'SubCategory6', 'Sub category 1', '0019D,70618,9741,011,ZONE,00000000,MEVEO', null, null, 2, 6, 1);
INSERT INTO BILLING_INVOICE_SUB_CAT (ID, VERSION, DISABLED, CREATED, PROVIDER_ID, UPDATED, CODE, DESCRIPTION, ACCOUNTING_CODE, DISCOUNT, UPDATER_ID, INVOICE_CATEGORY_ID, CREATOR_ID, TAX_ID) VALUES (7, 0, 0, sysdate, 1, null, 'SubCategory7', 'Sub category 1', '0019D,70618,9741,007,ZONE,00000000,MEVEO', null, null, 1, 6, 1);
INSERT INTO BILLING_INVOICE_SUB_CAT (ID, VERSION, DISABLED, CREATED, PROVIDER_ID, UPDATED, CODE, DESCRIPTION, ACCOUNTING_CODE, DISCOUNT, UPDATER_ID, INVOICE_CATEGORY_ID, CREATOR_ID, TAX_ID) VALUES (8, 0, 0, sysdate, 1, null, 'SubCategory8', 'Sub category 1', '0019D,70618,9741,011,ZONE,00000000,MEVEO', null, null, 2, 6, 1);
INSERT INTO BILLING_INVOICE_SUB_CAT (ID, VERSION, DISABLED, CREATED, PROVIDER_ID, UPDATED, CODE, DESCRIPTION, ACCOUNTING_CODE, DISCOUNT, UPDATER_ID, INVOICE_CATEGORY_ID, CREATOR_ID, TAX_ID) VALUES (9, 0, 0, sysdate, 1, null, 'SubCategory9', 'Sub category 1', '0019D,70618,9741,002,ZONE,00000000,MEVEO', null, null, 1, 6, 1);
INSERT INTO BILLING_INVOICE_SUB_CAT (ID, VERSION, DISABLED, CREATED, PROVIDER_ID, UPDATED, CODE, DESCRIPTION, ACCOUNTING_CODE, DISCOUNT, UPDATER_ID, INVOICE_CATEGORY_ID, CREATOR_ID, TAX_ID) VALUES (10, 0, 0, sysdate, 1, null, 'SubCategory10', 'Sub category 1', '0019D,70618,9741,002,ZONE,00000000,MEVEO', null, null, 2, 6, 1);
INSERT INTO BILLING_INVOICE_SUB_CAT (ID, VERSION, DISABLED, CREATED, PROVIDER_ID, UPDATED, CODE, DESCRIPTION, ACCOUNTING_CODE, DISCOUNT, UPDATER_ID, INVOICE_CATEGORY_ID, CREATOR_ID, TAX_ID) VALUES (11, 0, 0, sysdate, 1, null, 'SubCategory11', 'Sub category 1', '0019D,70618,9741,004,ZONE,00000000,MEVEO', null, null, 1, 6, 1);
INSERT INTO BILLING_INVOICE_SUB_CAT (ID, VERSION, DISABLED, CREATED, PROVIDER_ID, UPDATED, CODE, DESCRIPTION, ACCOUNTING_CODE, DISCOUNT, UPDATER_ID, INVOICE_CATEGORY_ID, CREATOR_ID, TAX_ID) VALUES (12, 0, 0, sysdate, 1, null, 'SubCategory12', 'Sub category 1', '0019D,70618,9741,012,ZONE,00000000,MEVEO', null, null, 2, 6, 1);
INSERT INTO BILLING_INVOICE_SUB_CAT (ID, VERSION, DISABLED, CREATED, PROVIDER_ID, UPDATED, CODE, DESCRIPTION, ACCOUNTING_CODE, DISCOUNT, UPDATER_ID, INVOICE_CATEGORY_ID, CREATOR_ID, TAX_ID) VALUES (13, 0, 0, sysdate, 1, null, 'SubCategory13', 'Sub category 1', '0019D,70618,9741,005,ZONE,00000000,MEVEO', null, null, 1, 6, 1);
INSERT INTO BILLING_INVOICE_SUB_CAT (ID, VERSION, DISABLED, CREATED, PROVIDER_ID, UPDATED, CODE, DESCRIPTION, ACCOUNTING_CODE, DISCOUNT, UPDATER_ID, INVOICE_CATEGORY_ID, CREATOR_ID, TAX_ID) VALUES (14, 0, 0, sysdate, 1, null, 'SubCategory14', 'Sub category 1', '0019D,70618,9741,012,ZONE,00000000,MEVEO', null, null, 2, 6, 1);
INSERT INTO BILLING_INVOICE_SUB_CAT (ID, VERSION, DISABLED, CREATED, PROVIDER_ID, UPDATED, CODE, DESCRIPTION, ACCOUNTING_CODE, DISCOUNT, UPDATER_ID, INVOICE_CATEGORY_ID, CREATOR_ID, TAX_ID) VALUES (15, 0, 0, sysdate, 1, null, 'SubCategory15', 'Sub category 1', '0019D,70618,9741,001,ZONE,00000000,MEVEO', null, null, 4, 6, 1);
INSERT INTO BILLING_INVOICE_SUB_CAT (ID, VERSION, DISABLED, CREATED, PROVIDER_ID, UPDATED, CODE, DESCRIPTION, ACCOUNTING_CODE, DISCOUNT, UPDATER_ID, INVOICE_CATEGORY_ID, CREATOR_ID, TAX_ID) VALUES (16, 0, 0, sysdate, 1, null, 'SubCategory16', 'Sub category 1', '0019D,70618,9741,002,ZONE,00000000,MEVEO', null, null, 4, 6, 1);
INSERT INTO BILLING_INVOICE_SUB_CAT (ID, VERSION, DISABLED, CREATED, PROVIDER_ID, UPDATED, CODE, DESCRIPTION, ACCOUNTING_CODE, DISCOUNT, UPDATER_ID, INVOICE_CATEGORY_ID, CREATOR_ID, TAX_ID) VALUES (17, 0, 0, sysdate, 1, null, 'Frais', 'Frais de depot', '0019D,70618,9741,003,ZONE,00000000,MEVEO', null, null, 4, 6, 1);
INSERT INTO BILLING_INVOICE_SUB_CAT (ID, VERSION, DISABLED, CREATED, PROVIDER_ID, UPDATED, CODE, DESCRIPTION, ACCOUNTING_CODE, DISCOUNT, UPDATER_ID, INVOICE_CATEGORY_ID, CREATOR_ID, TAX_ID) VALUES (18, 0, 0, sysdate, 1, null, 'Remise', 'Remise sur facture', '0019D,70618,9741,099,ZONE,00000000,MEVEO', null, null, 4, 6, 1);

DROP SEQUENCE BILLING_INVOICE_SUB_CAT_SEQ;
CREATE SEQUENCE BILLING_INVOICE_SUB_CAT_SEQ START WITH 19;

INSERT INTO CAT_CHARGE_TEMPLATE (ID, VERSION, DISABLED, CREATED, PROVIDER_ID, UPDATED, CODE, DESCRIPTION, AMOUNT_EDITABLE, INVOICE_SUB_CATEGORY, CREATOR_ID, UPDATER_ID) VALUES (1, 0, 0, sysdate, 1, null, 'CHARGE_TMPL_1', 'Charge 1', 1, 1, 6, null);
INSERT INTO CAT_CHARGE_TEMPLATE (ID, VERSION, DISABLED, CREATED, PROVIDER_ID, UPDATED, CODE, DESCRIPTION, AMOUNT_EDITABLE, INVOICE_SUB_CATEGORY, CREATOR_ID, UPDATER_ID) VALUES (2, 0, 0, sysdate, 1, null, 'CHARGE_TMPL_2', 'Charge 2', 1, 3, 6, null);
INSERT INTO CAT_CHARGE_TEMPLATE (ID, VERSION, DISABLED, CREATED, PROVIDER_ID, UPDATED, CODE, DESCRIPTION, AMOUNT_EDITABLE, INVOICE_SUB_CATEGORY, CREATOR_ID, UPDATER_ID) VALUES (3, 0, 0, sysdate, 1, null, 'CHARGE_TMPL_3', 'Charge 3', 1, 5, 6, null);
INSERT INTO CAT_CHARGE_TEMPLATE (ID, VERSION, DISABLED, CREATED, PROVIDER_ID, UPDATED, CODE, DESCRIPTION, AMOUNT_EDITABLE, INVOICE_SUB_CATEGORY, CREATOR_ID, UPDATER_ID) VALUES (4, 0, 0, sysdate, 1, null, 'CHARGE_TMPL_4', 'Charge 4', 1, 7, 6, null);
INSERT INTO CAT_CHARGE_TEMPLATE (ID, VERSION, DISABLED, CREATED, PROVIDER_ID, UPDATED, CODE, DESCRIPTION, AMOUNT_EDITABLE, INVOICE_SUB_CATEGORY, CREATOR_ID, UPDATER_ID) VALUES (5, 0, 0, sysdate, 1, null, 'CHARGE_TMPL_5', 'Charge 5', 1, 9, 6, null);
INSERT INTO CAT_CHARGE_TEMPLATE (ID, VERSION, DISABLED, CREATED, PROVIDER_ID, UPDATED, CODE, DESCRIPTION, AMOUNT_EDITABLE, INVOICE_SUB_CATEGORY, CREATOR_ID, UPDATER_ID) VALUES (6, 0, 0, sysdate, 1, null, 'CHARGE_TMPL_6', 'Charge 6', 1, 11, 6, null);
INSERT INTO CAT_CHARGE_TEMPLATE (ID, VERSION, DISABLED, CREATED, PROVIDER_ID, UPDATED, CODE, DESCRIPTION, AMOUNT_EDITABLE, INVOICE_SUB_CATEGORY, CREATOR_ID, UPDATER_ID) VALUES (7, 0, 0, sysdate, 1, null, 'CHARGE_TMPL_7', 'Charge 7', 1, 13, 6, null);
INSERT INTO CAT_CHARGE_TEMPLATE (ID, VERSION, DISABLED, CREATED, PROVIDER_ID, UPDATED, CODE, DESCRIPTION, AMOUNT_EDITABLE, UPDATER_ID, CREATOR_ID, INVOICE_SUB_CATEGORY) VALUES (10, 0, 0, sysdate, 1, null, 'CHARGE_TMPL_8', 'Charge 8', 1, null, 6, 2);
INSERT INTO CAT_CHARGE_TEMPLATE (ID, VERSION, DISABLED, CREATED, PROVIDER_ID, UPDATED, CODE, DESCRIPTION, AMOUNT_EDITABLE, UPDATER_ID, CREATOR_ID, INVOICE_SUB_CATEGORY) VALUES (11, 0, 0, sysdate, 1, null, 'CHARGE_TMPL_9', 'Charge 9', 1, null, 6, 4);
INSERT INTO CAT_CHARGE_TEMPLATE (ID, VERSION, DISABLED, CREATED, PROVIDER_ID, UPDATED, CODE, DESCRIPTION, AMOUNT_EDITABLE, UPDATER_ID, CREATOR_ID, INVOICE_SUB_CATEGORY) VALUES (12, 0, 0, sysdate, 1, null, 'CHARGE_TMPL_10', 'Charge 10', 1, null, 6, 6);
INSERT INTO CAT_CHARGE_TEMPLATE (ID, VERSION, DISABLED, CREATED, PROVIDER_ID, UPDATED, CODE, DESCRIPTION, AMOUNT_EDITABLE, UPDATER_ID, CREATOR_ID, INVOICE_SUB_CATEGORY) VALUES (13, 0, 0, sysdate, 1, null, 'CHARGE_TMPL_11', 'Charge 11', 1, null, 6, 8);
INSERT INTO CAT_CHARGE_TEMPLATE (ID, VERSION, DISABLED, CREATED, PROVIDER_ID, UPDATED, CODE, DESCRIPTION, AMOUNT_EDITABLE, UPDATER_ID, CREATOR_ID, INVOICE_SUB_CATEGORY) VALUES (14, 0, 0, sysdate, 1, null, 'CHARGE_TMPL_12', 'Charge 12', 1, null, 6, 10);
INSERT INTO CAT_CHARGE_TEMPLATE (ID, VERSION, DISABLED, CREATED, PROVIDER_ID, UPDATED, CODE, DESCRIPTION, AMOUNT_EDITABLE, UPDATER_ID, CREATOR_ID, INVOICE_SUB_CATEGORY) VALUES (15, 0, 0, sysdate, 1, null, 'CHARGE_TMPL_13', 'Charge 13', 1, null, 6, 12);
INSERT INTO CAT_CHARGE_TEMPLATE (ID, VERSION, DISABLED, CREATED, PROVIDER_ID, UPDATED, CODE, DESCRIPTION, AMOUNT_EDITABLE, UPDATER_ID, CREATOR_ID, INVOICE_SUB_CATEGORY) VALUES (16, 0, 0, sysdate, 1, null, 'CHARGE_TMPL_14', 'Charge 14', 1, null, 6, 14);
INSERT INTO CAT_CHARGE_TEMPLATE (ID, VERSION, DISABLED, CREATED, PROVIDER_ID, UPDATED, CODE, DESCRIPTION, AMOUNT_EDITABLE, UPDATER_ID, CREATOR_ID, INVOICE_SUB_CATEGORY) VALUES (17, 0, 0, sysdate, 1, null, 'CHARGE_TMPL_F1', 'Frais de remplacement', 1, null, 6, 15);
INSERT INTO CAT_CHARGE_TEMPLATE (ID, VERSION, DISABLED, CREATED, PROVIDER_ID, UPDATED, CODE, DESCRIPTION, AMOUNT_EDITABLE, UPDATER_ID, CREATOR_ID, INVOICE_SUB_CATEGORY) VALUES (18, 0, 0, sysdate, 1, null, 'CHARGE_TMPL_F2', 'Frais de dépot', 0, null, 6, 17);
INSERT INTO CAT_CHARGE_TEMPLATE (ID, VERSION, DISABLED, CREATED, PROVIDER_ID, UPDATED, CODE, DESCRIPTION, AMOUNT_EDITABLE, UPDATER_ID, CREATOR_ID, INVOICE_SUB_CATEGORY) VALUES (19, 0, 0, sysdate, 1, null, 'CHARGE_TMPL_F3', 'Frais de diagnostic', 1, null, 6, 16);
INSERT INTO CAT_CHARGE_TEMPLATE (ID, VERSION, DISABLED, CREATED, PROVIDER_ID, UPDATED, CODE, DESCRIPTION, AMOUNT_EDITABLE, UPDATER_ID, CREATOR_ID, INVOICE_SUB_CATEGORY) VALUES (20, 0, 0, sysdate, 1, null, 'CHARGE_TMPL_R1', 'Remise sur 1 mois', 1, null, 6, 18);

DROP SEQUENCE CAT_CHARGE_TEMPLATE_SEQ;
CREATE SEQUENCE CAT_CHARGE_TEMPLATE_SEQ START WITH 21;

INSERT INTO CAT_RECURRING_CHARGE_TEMPL (ID, RECURRENCE_TYPE, DURATION_TERM_IN_MONTH, SUBSCRIPTION_PRORATA, TERMINATION_PRORATA, APPLY_IN_ADVANCE, CALENDAR_ID) VALUES (1, 'CALENDAR', 12, 1, 1, 1, 1);
INSERT INTO CAT_RECURRING_CHARGE_TEMPL (ID, RECURRENCE_TYPE, DURATION_TERM_IN_MONTH, SUBSCRIPTION_PRORATA, TERMINATION_PRORATA, APPLY_IN_ADVANCE, CALENDAR_ID) VALUES (2, 'CALENDAR', 12, 1, 1, 1, 1);
INSERT INTO CAT_RECURRING_CHARGE_TEMPL (ID, RECURRENCE_TYPE, DURATION_TERM_IN_MONTH, SUBSCRIPTION_PRORATA, TERMINATION_PRORATA, APPLY_IN_ADVANCE, CALENDAR_ID) VALUES (3, 'CALENDAR', null, 1, 1, 1, 1);
INSERT INTO CAT_RECURRING_CHARGE_TEMPL (ID, RECURRENCE_TYPE, DURATION_TERM_IN_MONTH, SUBSCRIPTION_PRORATA, TERMINATION_PRORATA, APPLY_IN_ADVANCE, CALENDAR_ID) VALUES (4, 'CALENDAR', null, 0, 0, 1, 1);
INSERT INTO CAT_RECURRING_CHARGE_TEMPL (ID, RECURRENCE_TYPE, DURATION_TERM_IN_MONTH, SUBSCRIPTION_PRORATA, TERMINATION_PRORATA, APPLY_IN_ADVANCE, CALENDAR_ID) VALUES (5, 'CALENDAR', null, 1, 1, 1, 1);
INSERT INTO CAT_RECURRING_CHARGE_TEMPL (ID, RECURRENCE_TYPE, DURATION_TERM_IN_MONTH, SUBSCRIPTION_PRORATA, TERMINATION_PRORATA, APPLY_IN_ADVANCE, CALENDAR_ID) VALUES (6, 'CALENDAR', null, 1, 1, 1, 1);
INSERT INTO CAT_RECURRING_CHARGE_TEMPL (ID, RECURRENCE_TYPE, DURATION_TERM_IN_MONTH, SUBSCRIPTION_PRORATA, TERMINATION_PRORATA, APPLY_IN_ADVANCE, CALENDAR_ID) VALUES (7, 'CALENDAR', null, 1, 1, 1, 1);

INSERT INTO CAT_ONE_SHOT_CHARGE_TEMPL (ID, TYPE) VALUES (10, 'SUBSCRIPTION');
INSERT INTO CAT_ONE_SHOT_CHARGE_TEMPL (ID, TYPE) VALUES (11, 'SUBSCRIPTION');
INSERT INTO CAT_ONE_SHOT_CHARGE_TEMPL (ID, TYPE) VALUES (12, 'SUBSCRIPTION');
INSERT INTO CAT_ONE_SHOT_CHARGE_TEMPL (ID, TYPE) VALUES (13, 'SUBSCRIPTION');
INSERT INTO CAT_ONE_SHOT_CHARGE_TEMPL (ID, TYPE) VALUES (14, 'SUBSCRIPTION');
INSERT INTO CAT_ONE_SHOT_CHARGE_TEMPL (ID, TYPE) VALUES (15, 'SUBSCRIPTION');
INSERT INTO CAT_ONE_SHOT_CHARGE_TEMPL (ID, TYPE) VALUES (16, 'SUBSCRIPTION');
INSERT INTO CAT_ONE_SHOT_CHARGE_TEMPL (ID, TYPE) VALUES (17, 'OTHER');
INSERT INTO CAT_ONE_SHOT_CHARGE_TEMPL (ID, TYPE) VALUES (18, 'OTHER');
INSERT INTO CAT_ONE_SHOT_CHARGE_TEMPL (ID, TYPE) VALUES (19, 'OTHER');
INSERT INTO CAT_ONE_SHOT_CHARGE_TEMPL (ID, TYPE) VALUES (20, 'SUBSCRIPTION');

INSERT INTO CAT_SERVICE_TEMPLATE (ID, VERSION, DISABLED, CREATED, PROVIDER_ID, UPDATED, CODE, DESCRIPTION, UPDATER_ID, CREATOR_ID, DURATION_TERM_CALENDAR) VALUES (1, 0, 0, sysdate, 1, null, 'SERV_TPL1', 'Service 1', null, 6, 3);
INSERT INTO CAT_SERVICE_TEMPLATE (ID, VERSION, DISABLED, CREATED, PROVIDER_ID, UPDATED, CODE, DESCRIPTION, UPDATER_ID, CREATOR_ID, DURATION_TERM_CALENDAR) VALUES (2, 0, 0, sysdate, 1, null, 'SERV_TPL2', 'Service 2', null, 6, 3);
INSERT INTO CAT_SERVICE_TEMPLATE (ID, VERSION, DISABLED, CREATED, PROVIDER_ID, UPDATED, CODE, DESCRIPTION, UPDATER_ID, CREATOR_ID, DURATION_TERM_CALENDAR) VALUES (3, 0, 0, sysdate, 1, null, 'SERV_TPL3', 'Service 3', null, 6, 3);
INSERT INTO CAT_SERVICE_TEMPLATE (ID, VERSION, DISABLED, CREATED, PROVIDER_ID, UPDATED, CODE, DESCRIPTION, UPDATER_ID, CREATOR_ID, DURATION_TERM_CALENDAR) VALUES (4, 0, 0, sysdate, 1, null, 'SERV_TPL4', 'Service 4', null, 6, 3);
INSERT INTO CAT_SERVICE_TEMPLATE (ID, VERSION, DISABLED, CREATED, PROVIDER_ID, UPDATED, CODE, DESCRIPTION, UPDATER_ID, CREATOR_ID, DURATION_TERM_CALENDAR) VALUES (5, 0, 0, sysdate, 1, null, 'SERV_TPL5', 'Service 5', null, 6, 2);
INSERT INTO CAT_SERVICE_TEMPLATE (ID, VERSION, DISABLED, CREATED, PROVIDER_ID, UPDATED, CODE, DESCRIPTION, UPDATER_ID, CREATOR_ID, DURATION_TERM_CALENDAR) VALUES (6, 0, 0, sysdate, 1, null, 'SERV_TPL6', 'Service 6', null, 6, 2);
INSERT INTO CAT_SERVICE_TEMPLATE (ID, VERSION, DISABLED, CREATED, PROVIDER_ID, UPDATED, CODE, DESCRIPTION, UPDATER_ID, CREATOR_ID, DURATION_TERM_CALENDAR) VALUES (7, 0, 0, sysdate, 1, null, 'SERV_TPL7', 'Service 7', null, 6, 2);

DROP SEQUENCE CAT_SERVICE_TEMPLATE_SEQ;
CREATE SEQUENCE CAT_SERVICE_TEMPLATE_SEQ START WITH 8;

INSERT INTO CAT_SERV_RECCHARGE_TEMPLATES (SERVICE_TEMPLATE_ID, CHARGE_TEMPLATE_ID) VALUES (1, 1);
INSERT INTO CAT_SERV_RECCHARGE_TEMPLATES (SERVICE_TEMPLATE_ID, CHARGE_TEMPLATE_ID) VALUES (2, 2);
INSERT INTO CAT_SERV_RECCHARGE_TEMPLATES (SERVICE_TEMPLATE_ID, CHARGE_TEMPLATE_ID) VALUES (3, 3);
INSERT INTO CAT_SERV_RECCHARGE_TEMPLATES (SERVICE_TEMPLATE_ID, CHARGE_TEMPLATE_ID) VALUES (4, 4);
INSERT INTO CAT_SERV_RECCHARGE_TEMPLATES (SERVICE_TEMPLATE_ID, CHARGE_TEMPLATE_ID) VALUES (5, 5);
INSERT INTO CAT_SERV_RECCHARGE_TEMPLATES (SERVICE_TEMPLATE_ID, CHARGE_TEMPLATE_ID) VALUES (6, 6);
INSERT INTO CAT_SERV_RECCHARGE_TEMPLATES (SERVICE_TEMPLATE_ID, CHARGE_TEMPLATE_ID) VALUES (7, 7);

INSERT INTO CAT_SERV_ONECHARGE_S_TEMPLATES (SERVICE_TEMPLATE_ID, CHARGE_TEMPLATE_ID) VALUES (1, 10);
INSERT INTO CAT_SERV_ONECHARGE_S_TEMPLATES (SERVICE_TEMPLATE_ID, CHARGE_TEMPLATE_ID) VALUES (2, 11);
INSERT INTO CAT_SERV_ONECHARGE_S_TEMPLATES (SERVICE_TEMPLATE_ID, CHARGE_TEMPLATE_ID) VALUES (2, 20);
INSERT INTO CAT_SERV_ONECHARGE_S_TEMPLATES (SERVICE_TEMPLATE_ID, CHARGE_TEMPLATE_ID) VALUES (3, 12);
INSERT INTO CAT_SERV_ONECHARGE_S_TEMPLATES (SERVICE_TEMPLATE_ID, CHARGE_TEMPLATE_ID) VALUES (4, 13);
INSERT INTO CAT_SERV_ONECHARGE_S_TEMPLATES (SERVICE_TEMPLATE_ID, CHARGE_TEMPLATE_ID) VALUES (5, 14);
INSERT INTO CAT_SERV_ONECHARGE_S_TEMPLATES (SERVICE_TEMPLATE_ID, CHARGE_TEMPLATE_ID) VALUES (6, 15);
INSERT INTO CAT_SERV_ONECHARGE_S_TEMPLATES (SERVICE_TEMPLATE_ID, CHARGE_TEMPLATE_ID) VALUES (7, 16);

INSERT INTO CAT_OFFER_TEMPLATE (ID, VERSION, DISABLED, CREATED, PROVIDER_ID, UPDATED, CODE, DESCRIPTION, CREATOR_ID, UPDATER_ID) VALUES (1, 0, 0, sysdate, 1, null, 'OFFER1', 'Offer 1', 6, null);
INSERT INTO CAT_OFFER_TEMPLATE (ID, VERSION, DISABLED, CREATED, PROVIDER_ID, UPDATED, CODE, DESCRIPTION, CREATOR_ID, UPDATER_ID) VALUES (2, 0, 0, sysdate, 1, null, 'OFFER2', 'Offer 2', 6, null);

DROP SEQUENCE CAT_OFFER_TEMPLATE_SEQ;
CREATE SEQUENCE CAT_OFFER_TEMPLATE_SEQ START WITH 3;

INSERT INTO CAT_OFFER_SERV_TEMPLATES (OFFER_TEMPLATE_ID, SERVICE_TEMPLATE_ID) VALUES (1, 1);
INSERT INTO CAT_OFFER_SERV_TEMPLATES (OFFER_TEMPLATE_ID, SERVICE_TEMPLATE_ID) VALUES (1, 2);
INSERT INTO CAT_OFFER_SERV_TEMPLATES (OFFER_TEMPLATE_ID, SERVICE_TEMPLATE_ID) VALUES (1, 3);
INSERT INTO CAT_OFFER_SERV_TEMPLATES (OFFER_TEMPLATE_ID, SERVICE_TEMPLATE_ID) VALUES (1, 4);
INSERT INTO CAT_OFFER_SERV_TEMPLATES (OFFER_TEMPLATE_ID, SERVICE_TEMPLATE_ID) VALUES (2, 5);
INSERT INTO CAT_OFFER_SERV_TEMPLATES (OFFER_TEMPLATE_ID, SERVICE_TEMPLATE_ID) VALUES (2, 6);
INSERT INTO CAT_OFFER_SERV_TEMPLATES (OFFER_TEMPLATE_ID, SERVICE_TEMPLATE_ID) VALUES (2, 7);

INSERT INTO CAT_PRICE_PLAN_MATRIX (ID, VERSION, DISABLED, CREATED, PROVIDER_ID, UPDATED, EVENT_CODE, START_SUBSCRIPTION_DATE, END_SUBSCRIPTION_DATE, START_RATING_DATE, END_RATING_DATE, MIN_SUBSCR_AGE, MAX_SUBSCR_AGE, CRITERIA_1, CRITERIA_2, CRITERIA_3, AMOUNT_WITHOUT_TAX, AMOUNT_WITHOUT_TAX2, UPDATER_ID, CREATOR_ID) VALUES (1, 0, 0, sysdate, 1, null, 'CHARGE_TMPL_1', TIMESTAMP '2000-01-01 12:00:00', null, TIMESTAMP '2000-01-01 12:00:00', null, 0, 2, null, null, null, 0, 0, null, 6);
INSERT INTO CAT_PRICE_PLAN_MATRIX (ID, VERSION, DISABLED, CREATED, PROVIDER_ID, UPDATED, EVENT_CODE, START_SUBSCRIPTION_DATE, END_SUBSCRIPTION_DATE, START_RATING_DATE, END_RATING_DATE, MIN_SUBSCR_AGE, MAX_SUBSCR_AGE, CRITERIA_1, CRITERIA_2, CRITERIA_3, AMOUNT_WITHOUT_TAX, AMOUNT_WITHOUT_TAX2, UPDATER_ID, CREATOR_ID) VALUES (2, 0, 0, sysdate, 1, null, 'CHARGE_TMPL_1', TIMESTAMP '2000-01-01 12:00:00', null, TIMESTAMP '2000-01-01 12:00:00', null, 2, null, null, null, null, 1.412, 1.49, null, 6);
INSERT INTO CAT_PRICE_PLAN_MATRIX (ID, VERSION, DISABLED, CREATED, PROVIDER_ID, UPDATED, EVENT_CODE, START_SUBSCRIPTION_DATE, END_SUBSCRIPTION_DATE, START_RATING_DATE, END_RATING_DATE, MIN_SUBSCR_AGE, MAX_SUBSCR_AGE, CRITERIA_1, CRITERIA_2, CRITERIA_3, AMOUNT_WITHOUT_TAX, AMOUNT_WITHOUT_TAX2, UPDATER_ID, CREATOR_ID) VALUES (3, 0, 0, sysdate, 1, null, 'CHARGE_TMPL_2', TIMESTAMP '2000-01-01 12:00:00', null, TIMESTAMP '2000-01-01 12:00:00', null, null, null, 'M_SANSINTER', null, null, 8.53, 9, null, 6);
INSERT INTO CAT_PRICE_PLAN_MATRIX (ID, VERSION, DISABLED, CREATED, PROVIDER_ID, UPDATED, EVENT_CODE, START_SUBSCRIPTION_DATE, END_SUBSCRIPTION_DATE, START_RATING_DATE, END_RATING_DATE, MIN_SUBSCR_AGE, MAX_SUBSCR_AGE, CRITERIA_1, CRITERIA_2, CRITERIA_3, AMOUNT_WITHOUT_TAX, AMOUNT_WITHOUT_TAX2, UPDATER_ID, CREATOR_ID) VALUES (4, 0, 0, sysdate, 1, null, 'CHARGE_TMPL_2', TIMESTAMP '2000-01-01 12:00:00', null, TIMESTAMP '2000-01-01 12:00:00', null, null, null, 'M_AVECINTER', null, null, 27.4885, 29, null, 6);
INSERT INTO CAT_PRICE_PLAN_MATRIX (ID, VERSION, DISABLED, CREATED, PROVIDER_ID, UPDATED, EVENT_CODE, START_SUBSCRIPTION_DATE, END_SUBSCRIPTION_DATE, START_RATING_DATE, END_RATING_DATE, MIN_SUBSCR_AGE, MAX_SUBSCR_AGE, CRITERIA_1, CRITERIA_2, CRITERIA_3, AMOUNT_WITHOUT_TAX, AMOUNT_WITHOUT_TAX2, UPDATER_ID, CREATOR_ID) VALUES (5, 0, 0, sysdate, 1, null, 'CHARGE_TMPL_3', TIMESTAMP '2000-01-01 12:00:00', null, TIMESTAMP '2000-01-01 12:00:00', null, null, null, null, null, null, 1.41, 1.49, null, 6);
INSERT INTO CAT_PRICE_PLAN_MATRIX (ID, VERSION, DISABLED, CREATED, PROVIDER_ID, UPDATED, EVENT_CODE, START_SUBSCRIPTION_DATE, END_SUBSCRIPTION_DATE, START_RATING_DATE, END_RATING_DATE, MIN_SUBSCR_AGE, MAX_SUBSCR_AGE, CRITERIA_1, CRITERIA_2, CRITERIA_3, AMOUNT_WITHOUT_TAX, AMOUNT_WITHOUT_TAX2, UPDATER_ID, CREATOR_ID) VALUES (6, 0, 0, sysdate, 1, null, 'CHARGE_TMPL_4', TIMESTAMP '2000-01-01 12:00:00', null, TIMESTAMP '2000-01-01 12:00:00', null, null, null, 'M_SANSINTER', null, null, 8.53, 9, null, 6);
INSERT INTO CAT_PRICE_PLAN_MATRIX (ID, VERSION, DISABLED, CREATED, PROVIDER_ID, UPDATED, EVENT_CODE, START_SUBSCRIPTION_DATE, END_SUBSCRIPTION_DATE, START_RATING_DATE, END_RATING_DATE, MIN_SUBSCR_AGE, MAX_SUBSCR_AGE, CRITERIA_1, CRITERIA_2, CRITERIA_3, AMOUNT_WITHOUT_TAX, AMOUNT_WITHOUT_TAX2, UPDATER_ID, CREATOR_ID) VALUES (7, 0, 0, sysdate, 1, null, 'CHARGE_TMPL_4', TIMESTAMP '2000-01-01 12:00:00', null, TIMESTAMP '2000-01-01 12:00:00', null, null, null, 'M_AVECINTER', null, null, 27.488, 29, null, 6);
INSERT INTO CAT_PRICE_PLAN_MATRIX (ID, VERSION, DISABLED, CREATED, PROVIDER_ID, UPDATED, EVENT_CODE, START_SUBSCRIPTION_DATE, END_SUBSCRIPTION_DATE, START_RATING_DATE, END_RATING_DATE, MIN_SUBSCR_AGE, MAX_SUBSCR_AGE, CRITERIA_1, CRITERIA_2, CRITERIA_3, AMOUNT_WITHOUT_TAX, AMOUNT_WITHOUT_TAX2, UPDATER_ID, CREATOR_ID) VALUES (8, 0, 0, sysdate, 1, null, 'CHARGE_TMPL_5', TIMESTAMP '2000-01-01 12:00:00', null, TIMESTAMP '2000-01-01 12:00:00', null, 0, 2, null, null, null, 0, 0, null, 6);
INSERT INTO CAT_PRICE_PLAN_MATRIX (ID, VERSION, DISABLED, CREATED, PROVIDER_ID, UPDATED, EVENT_CODE, START_SUBSCRIPTION_DATE, END_SUBSCRIPTION_DATE, START_RATING_DATE, END_RATING_DATE, MIN_SUBSCR_AGE, MAX_SUBSCR_AGE, CRITERIA_1, CRITERIA_2, CRITERIA_3, AMOUNT_WITHOUT_TAX, AMOUNT_WITHOUT_TAX2, UPDATER_ID, CREATOR_ID) VALUES (9, 0, 0, sysdate, 1, null, 'CHARGE_TMPL_5', TIMESTAMP '2000-01-01 12:00:00', null, TIMESTAMP '2000-01-01 12:00:00', null, 2, null, null, null, null, 1.412, 1.49, null, 6);
INSERT INTO CAT_PRICE_PLAN_MATRIX (ID, VERSION, DISABLED, CREATED, PROVIDER_ID, UPDATED, EVENT_CODE, START_SUBSCRIPTION_DATE, END_SUBSCRIPTION_DATE, START_RATING_DATE, END_RATING_DATE, MIN_SUBSCR_AGE, MAX_SUBSCR_AGE, CRITERIA_1, CRITERIA_2, CRITERIA_3, AMOUNT_WITHOUT_TAX, AMOUNT_WITHOUT_TAX2, UPDATER_ID, CREATOR_ID) VALUES (10, 0, 0, sysdate, 1, null, 'CHARGE_TMPL_6', TIMESTAMP '2000-01-01 12:00:00', null, TIMESTAMP '2000-01-01 12:00:00', null, null, null, 'M_SANSINTER', null, null, 8.53, 9, null, 6);
INSERT INTO CAT_PRICE_PLAN_MATRIX (ID, VERSION, DISABLED, CREATED, PROVIDER_ID, UPDATED, EVENT_CODE, START_SUBSCRIPTION_DATE, END_SUBSCRIPTION_DATE, START_RATING_DATE, END_RATING_DATE, MIN_SUBSCR_AGE, MAX_SUBSCR_AGE, CRITERIA_1, CRITERIA_2, CRITERIA_3, AMOUNT_WITHOUT_TAX, AMOUNT_WITHOUT_TAX2, UPDATER_ID, CREATOR_ID) VALUES (11, 0, 0, sysdate, 1, null, 'CHARGE_TMPL_6', TIMESTAMP '2000-01-01 12:00:00', null, TIMESTAMP '2000-01-01 12:00:00', null, null, null, 'M_AVECINTER', null, null, 27.488, 29, null, 6);
INSERT INTO CAT_PRICE_PLAN_MATRIX (ID, VERSION, DISABLED, CREATED, PROVIDER_ID, UPDATED, EVENT_CODE, START_SUBSCRIPTION_DATE, END_SUBSCRIPTION_DATE, START_RATING_DATE, END_RATING_DATE, MIN_SUBSCR_AGE, MAX_SUBSCR_AGE, CRITERIA_1, CRITERIA_2, CRITERIA_3, AMOUNT_WITHOUT_TAX, AMOUNT_WITHOUT_TAX2, UPDATER_ID, CREATOR_ID) VALUES (12, 0, 0, sysdate, 1, null, 'CHARGE_TMPL_7', TIMESTAMP '2000-01-01 12:00:00', TIMESTAMP '2009-12-31 12:00:00', TIMESTAMP '2000-01-01 12:00:00', TIMESTAMP '2011-05-31 12:00:00', null, null, null, null, null, 1.41, 1.49, null, 6);
INSERT INTO CAT_PRICE_PLAN_MATRIX (ID, VERSION, DISABLED, CREATED, PROVIDER_ID, UPDATED, EVENT_CODE, START_SUBSCRIPTION_DATE, END_SUBSCRIPTION_DATE, START_RATING_DATE, END_RATING_DATE, MIN_SUBSCR_AGE, MAX_SUBSCR_AGE, CRITERIA_1, CRITERIA_2, CRITERIA_3, AMOUNT_WITHOUT_TAX, AMOUNT_WITHOUT_TAX2, UPDATER_ID, CREATOR_ID) VALUES (13, 0, 0, sysdate, 1, null, 'CHARGE_TMPL_7', TIMESTAMP '2000-01-01 12:00:00', TIMESTAMP '2009-12-31 12:00:00', TIMESTAMP '2011-06-01 12:00:00', null, null, null, null, null, null, 1.507, 1.59, null, 6);
INSERT INTO CAT_PRICE_PLAN_MATRIX (ID, VERSION, DISABLED, CREATED, PROVIDER_ID, UPDATED, EVENT_CODE, START_SUBSCRIPTION_DATE, END_SUBSCRIPTION_DATE, START_RATING_DATE, END_RATING_DATE, MIN_SUBSCR_AGE, MAX_SUBSCR_AGE, CRITERIA_1, CRITERIA_2, CRITERIA_3, AMOUNT_WITHOUT_TAX, AMOUNT_WITHOUT_TAX2, UPDATER_ID, CREATOR_ID) VALUES (14, 0, 0, sysdate, 1, null, 'CHARGE_TMPL_8', TIMESTAMP '2010-01-01 12:00:00', null, TIMESTAMP '2010-01-01 12:00:00', null, null, null, null, null, null, 1.507, 1.59, null, 6);
INSERT INTO CAT_PRICE_PLAN_MATRIX (ID, VERSION, DISABLED, CREATED, PROVIDER_ID, UPDATED, EVENT_CODE, START_SUBSCRIPTION_DATE, END_SUBSCRIPTION_DATE, START_RATING_DATE, END_RATING_DATE, MIN_SUBSCR_AGE, MAX_SUBSCR_AGE, CRITERIA_1, CRITERIA_2, CRITERIA_3, AMOUNT_WITHOUT_TAX, AMOUNT_WITHOUT_TAX2, UPDATER_ID, CREATOR_ID) VALUES (15, 0, 0, sysdate, 1, null, 'CHARGE_TMPL_9', TIMESTAMP '2000-01-01 12:00:00', TIMESTAMP '2009-12-31 12:00:00', TIMESTAMP '2000-01-01 12:00:00', null, null, null, 'M_SANSINTER', null, null, 8.53, 9, null, 6);
INSERT INTO CAT_PRICE_PLAN_MATRIX (ID, VERSION, DISABLED, CREATED, PROVIDER_ID, UPDATED, EVENT_CODE, START_SUBSCRIPTION_DATE, END_SUBSCRIPTION_DATE, START_RATING_DATE, END_RATING_DATE, MIN_SUBSCR_AGE, MAX_SUBSCR_AGE, CRITERIA_1, CRITERIA_2, CRITERIA_3, AMOUNT_WITHOUT_TAX, AMOUNT_WITHOUT_TAX2, UPDATER_ID, CREATOR_ID) VALUES (16, 0, 0, sysdate, 1, null, 'CHARGE_TMPL_9', TIMESTAMP '2000-01-01 12:00:00', TIMESTAMP '2009-12-31 12:00:00', TIMESTAMP '2000-01-01 12:00:00', null, null, null, 'M_AVECINTER', null, null, 27.488, 29, null, 6);
INSERT INTO CAT_PRICE_PLAN_MATRIX (ID, VERSION, DISABLED, CREATED, PROVIDER_ID, UPDATED, EVENT_CODE, START_SUBSCRIPTION_DATE, END_SUBSCRIPTION_DATE, START_RATING_DATE, END_RATING_DATE, MIN_SUBSCR_AGE, MAX_SUBSCR_AGE, CRITERIA_1, CRITERIA_2, CRITERIA_3, AMOUNT_WITHOUT_TAX, AMOUNT_WITHOUT_TAX2, UPDATER_ID, CREATOR_ID) VALUES (17, 0, 0, sysdate, 1, null, 'CHARGE_TMPL_10', TIMESTAMP '2000-01-01 12:00:00', null, TIMESTAMP '2000-01-01 12:00:00', null, 0, 2, null, null, null, 0, 0, null, 6);
INSERT INTO CAT_PRICE_PLAN_MATRIX (ID, VERSION, DISABLED, CREATED, PROVIDER_ID, UPDATED, EVENT_CODE, START_SUBSCRIPTION_DATE, END_SUBSCRIPTION_DATE, START_RATING_DATE, END_RATING_DATE, MIN_SUBSCR_AGE, MAX_SUBSCR_AGE, CRITERIA_1, CRITERIA_2, CRITERIA_3, AMOUNT_WITHOUT_TAX, AMOUNT_WITHOUT_TAX2, UPDATER_ID, CREATOR_ID) VALUES (18, 0, 0, sysdate, 1, null, 'CHARGE_TMPL_10', TIMESTAMP '2000-01-01 12:00:00', null, TIMESTAMP '2000-01-01 12:00:00', null, 2, null, null, null, null, 4.73, 4.99, null, 6);
INSERT INTO CAT_PRICE_PLAN_MATRIX (ID, VERSION, DISABLED, CREATED, PROVIDER_ID, UPDATED, EVENT_CODE, START_SUBSCRIPTION_DATE, END_SUBSCRIPTION_DATE, START_RATING_DATE, END_RATING_DATE, MIN_SUBSCR_AGE, MAX_SUBSCR_AGE, CRITERIA_1, CRITERIA_2, CRITERIA_3, AMOUNT_WITHOUT_TAX, AMOUNT_WITHOUT_TAX2, UPDATER_ID, CREATOR_ID) VALUES (19, 0, 0, sysdate, 1, null, 'CHARGE_TMPL_11', TIMESTAMP '2000-01-01 12:00:00', null, TIMESTAMP '2000-01-01 12:00:00', null, null, null, 'M_SANSINTER', null, null, 8.53, 9, null, 6);
INSERT INTO CAT_PRICE_PLAN_MATRIX (ID, VERSION, DISABLED, CREATED, PROVIDER_ID, UPDATED, EVENT_CODE, START_SUBSCRIPTION_DATE, END_SUBSCRIPTION_DATE, START_RATING_DATE, END_RATING_DATE, MIN_SUBSCR_AGE, MAX_SUBSCR_AGE, CRITERIA_1, CRITERIA_2, CRITERIA_3, AMOUNT_WITHOUT_TAX, AMOUNT_WITHOUT_TAX2, UPDATER_ID, CREATOR_ID) VALUES (20, 0, 0, sysdate, 1, null, 'CHARGE_TMPL_11', TIMESTAMP '2000-01-01 12:00:00', null, TIMESTAMP '2000-01-01 12:00:00', null, null, null, 'M_AVECINTER', null, null, 46.445, 49, null, 6);
INSERT INTO CAT_PRICE_PLAN_MATRIX (ID, VERSION, DISABLED, CREATED, PROVIDER_ID, UPDATED, EVENT_CODE, START_SUBSCRIPTION_DATE, END_SUBSCRIPTION_DATE, START_RATING_DATE, END_RATING_DATE, MIN_SUBSCR_AGE, MAX_SUBSCR_AGE, CRITERIA_1, CRITERIA_2, CRITERIA_3, AMOUNT_WITHOUT_TAX, AMOUNT_WITHOUT_TAX2, UPDATER_ID, CREATOR_ID) VALUES (21, 0, 0, sysdate, 1, null, 'CHARGE_TMPL_12', TIMESTAMP '2000-01-01 12:00:00', null, TIMESTAMP '2000-01-01 12:00:00', null, null, null, null, null, null, 4.73, 4.99, null, 6);
INSERT INTO CAT_PRICE_PLAN_MATRIX (ID, VERSION, DISABLED, CREATED, PROVIDER_ID, UPDATED, EVENT_CODE, START_SUBSCRIPTION_DATE, END_SUBSCRIPTION_DATE, START_RATING_DATE, END_RATING_DATE, MIN_SUBSCR_AGE, MAX_SUBSCR_AGE, CRITERIA_1, CRITERIA_2, CRITERIA_3, AMOUNT_WITHOUT_TAX, AMOUNT_WITHOUT_TAX2, UPDATER_ID, CREATOR_ID) VALUES (22, 0, 0, sysdate, 1, null, CHARGE_TMPL_13', TIMESTAMP '2000-01-01 12:00:00', null, TIMESTAMP '2000-01-01 12:00:00', null, null, null, 'M_SANSINTER', null, null, 8.53, 9, null, 6);
INSERT INTO CAT_PRICE_PLAN_MATRIX (ID, VERSION, DISABLED, CREATED, PROVIDER_ID, UPDATED, EVENT_CODE, START_SUBSCRIPTION_DATE, END_SUBSCRIPTION_DATE, START_RATING_DATE, END_RATING_DATE, MIN_SUBSCR_AGE, MAX_SUBSCR_AGE, CRITERIA_1, CRITERIA_2, CRITERIA_3, AMOUNT_WITHOUT_TAX, AMOUNT_WITHOUT_TAX2, UPDATER_ID, CREATOR_ID) VALUES (23, 0, 0, sysdate, 1, null, CHARGE_TMPL_13', TIMESTAMP '2000-01-01 12:00:00', null, TIMESTAMP '2000-01-01 12:00:00', null, null, null, 'M_AVECINTER', null, null, 46.445, 49, null, 6);
INSERT INTO CAT_PRICE_PLAN_MATRIX (ID, VERSION, DISABLED, CREATED, PROVIDER_ID, UPDATED, EVENT_CODE, START_SUBSCRIPTION_DATE, END_SUBSCRIPTION_DATE, START_RATING_DATE, END_RATING_DATE, MIN_SUBSCR_AGE, MAX_SUBSCR_AGE, CRITERIA_1, CRITERIA_2, CRITERIA_3, AMOUNT_WITHOUT_TAX, AMOUNT_WITHOUT_TAX2, UPDATER_ID, CREATOR_ID) VALUES (24, 0, 0, sysdate, 1, null, 'CHARGE_TMPL_14', TIMESTAMP '2000-01-01 12:00:00', null, TIMESTAMP '2000-01-01 12:00:00', null, 0, 2, null, null, null, 0, 0, null, 6);
INSERT INTO CAT_PRICE_PLAN_MATRIX (ID, VERSION, DISABLED, CREATED, PROVIDER_ID, UPDATED, EVENT_CODE, START_SUBSCRIPTION_DATE, END_SUBSCRIPTION_DATE, START_RATING_DATE, END_RATING_DATE, MIN_SUBSCR_AGE, MAX_SUBSCR_AGE, CRITERIA_1, CRITERIA_2, CRITERIA_3, AMOUNT_WITHOUT_TAX, AMOUNT_WITHOUT_TAX2, UPDATER_ID, CREATOR_ID) VALUES (25, 0, 0, sysdate, 1, null, 'CHARGE_TMPL_14', TIMESTAMP '2000-01-01 12:00:00', null, TIMESTAMP '2000-01-01 12:00:00', null, 2, null, null, null, null, 4.73, 4.99, null, 6);
INSERT INTO CAT_PRICE_PLAN_MATRIX (ID, VERSION, DISABLED, CREATED, PROVIDER_ID, UPDATED, EVENT_CODE, START_SUBSCRIPTION_DATE, END_SUBSCRIPTION_DATE, START_RATING_DATE, END_RATING_DATE, MIN_SUBSCR_AGE, MAX_SUBSCR_AGE, CRITERIA_1, CRITERIA_2, CRITERIA_3, AMOUNT_WITHOUT_TAX, AMOUNT_WITHOUT_TAX2, UPDATER_ID, CREATOR_ID) VALUES (26, 0, 0, sysdate, 1, null, 'CHARGE_TMPL_14', TIMESTAMP '2000-01-01 12:00:00', null, TIMESTAMP '2000-01-01 12:00:00', null, null, null, 'M_SANSINTER', null, null, 8.53, 9, null, 6);
INSERT INTO CAT_PRICE_PLAN_MATRIX (ID, VERSION, DISABLED, CREATED, PROVIDER_ID, UPDATED, EVENT_CODE, START_SUBSCRIPTION_DATE, END_SUBSCRIPTION_DATE, START_RATING_DATE, END_RATING_DATE, MIN_SUBSCR_AGE, MAX_SUBSCR_AGE, CRITERIA_1, CRITERIA_2, CRITERIA_3, AMOUNT_WITHOUT_TAX, AMOUNT_WITHOUT_TAX2, UPDATER_ID, CREATOR_ID) VALUES (27, 0, 0, sysdate, 1, null, 'CHARGE_TMPL_14', TIMESTAMP '2000-01-01 12:00:00', null, TIMESTAMP '2000-01-01 12:00:00', null, null, null, 'M_AVECINTER', null, null, 46.445, 49, null, 6);
INSERT INTO CAT_PRICE_PLAN_MATRIX (ID, VERSION, DISABLED, CREATED, PROVIDER_ID, UPDATED, EVENT_CODE, START_SUBSCRIPTION_DATE, END_SUBSCRIPTION_DATE, START_RATING_DATE, END_RATING_DATE, MIN_SUBSCR_AGE, MAX_SUBSCR_AGE, CRITERIA_1, CRITERIA_2, CRITERIA_3, AMOUNT_WITHOUT_TAX, AMOUNT_WITHOUT_TAX2, UPDATER_ID, CREATOR_ID) VALUES (28, 0, 0, sysdate, 1, null, 'CHARGE_TMPL_R1', TIMESTAMP '2000-01-01 12:00:00', null, null, null, null, null, null, null, null, 74.88, 79, null, 6);
INSERT INTO CAT_PRICE_PLAN_MATRIX (ID, VERSION, DISABLED, CREATED, PROVIDER_ID, UPDATED, EVENT_CODE, START_SUBSCRIPTION_DATE, END_SUBSCRIPTION_DATE, START_RATING_DATE, END_RATING_DATE, MIN_SUBSCR_AGE, MAX_SUBSCR_AGE, CRITERIA_1, CRITERIA_2, CRITERIA_3, AMOUNT_WITHOUT_TAX, AMOUNT_WITHOUT_TAX2, UPDATER_ID, CREATOR_ID) VALUES (29, 0, 0, sysdate, 1, null, 'CHARGE_TMPL_F3', TIMESTAMP '2000-01-01 12:00:00', null, null, null, null, null, null, null, null, 93.839, 99, null, 6);
INSERT INTO CAT_PRICE_PLAN_MATRIX (ID, VERSION, DISABLED, CREATED, PROVIDER_ID, UPDATED, EVENT_CODE, START_SUBSCRIPTION_DATE, END_SUBSCRIPTION_DATE, START_RATING_DATE, END_RATING_DATE, MIN_SUBSCR_AGE, MAX_SUBSCR_AGE, CRITERIA_1, CRITERIA_2, CRITERIA_3, AMOUNT_WITHOUT_TAX, AMOUNT_WITHOUT_TAX2, UPDATER_ID, CREATOR_ID) VALUES (30, 0, 0, sysdate, 1, null, 'CHARGE_TMPL_F2', TIMESTAMP '2000-01-01 12:00:00', null, null, null, null, null, null, null, null, 46.445, 49, null, 6);

DROP SEQUENCE CAT_PRICE_PLAN_MATRIX_SEQ;
CREATE SEQUENCE CAT_PRICE_PLAN_MATRIX_SEQ START WITH 42;

-- Reports

-- Code reason subscription termination
INSERT INTO BILLING_SUBSCRIP_TERMIN_REASON (ID,VERSION,CODE,DESCRIPTION,APPLY_AGREEMENT,APPLY_REIMBURSMENT,APPLY_TERMINATION_CHARGES,PROVIDER_ID) VALUES(BILLING_TERM_REASON_SEQ.NEXTVAL,0,'D','Address change',0,1,0,1);
INSERT INTO BILLING_SUBSCRIP_TERMIN_REASON (ID,VERSION,CODE,DESCRIPTION,APPLY_AGREEMENT,APPLY_REIMBURSMENT,APPLY_TERMINATION_CHARGES,PROVIDER_ID) VALUES(BILLING_TERM_REASON_SEQ.NEXTVAL,0,'P','Offer upgrade',0,1,0,1);
INSERT INTO BILLING_SUBSCRIP_TERMIN_REASON (ID,VERSION,CODE,DESCRIPTION,APPLY_AGREEMENT,APPLY_REIMBURSMENT,APPLY_TERMINATION_CHARGES,PROVIDER_ID) VALUES(BILLING_TERM_REASON_SEQ.NEXTVAL,0,'M','Offer downgrade',1,1,0,1);
INSERT INTO BILLING_SUBSCRIP_TERMIN_REASON (ID,VERSION,CODE,DESCRIPTION,APPLY_AGREEMENT,APPLY_REIMBURSMENT,APPLY_TERMINATION_CHARGES,PROVIDER_ID) VALUES(BILLING_TERM_REASON_SEQ.NEXTVAL,0,'L','Cancellation provider',0,1,1,1);
INSERT INTO BILLING_SUBSCRIP_TERMIN_REASON (ID,VERSION,CODE,DESCRIPTION,APPLY_AGREEMENT,APPLY_REIMBURSMENT,APPLY_TERMINATION_CHARGES,PROVIDER_ID) VALUES(BILLING_TERM_REASON_SEQ.NEXTVAL,0,'C','Cancellation customer',1,1,0,1);

-- Dunning plan

DROP SEQUENCE AR_DUNNING_PLAN_SEQ;
CREATE SEQUENCE AR_DUNNING_PLAN_SEQ start with 5 increment by 1;


DROP SEQUENCE AR_DUNNING_PLAN_TRANSITION_SEQ;
CREATE SEQUENCE AR_DUNNING_PLAN_TRANSITION_SEQ start with 13 increment by 1;


DROP SEQUENCE AR_ACTION_PLAN_ITEM_SEQ;
CREATE SEQUENCE AR_ACTION_PLAN_ITEM_SEQ start with 13 increment by 1;

-- Configuration for Grieg mails

INSERT INTO COM_MESSAGE_TEMPLATE (ID,PROVIDER_ID,VERSION,MEDIA,CREATED,DISABLED,CODE,TAG_END,TAG_START,TYPE,HTMLCONTENT,SUBJECT,TEXTCONTENT) VALUES (COM_MSG_TMPL_SEQ.NEXTVAL,1,0,'EMAIL',SYSDATE,0,'PART_RAPPEL','>','#<','DUNNING','<!DOCTYPE html PUBLIC "-//W3C//DTD HTML 4.01 Transitional//EN" "http://www.w3.org/TR/html4/loose.dtd"><html><head><meta http-equiv="Content-Type" content="text/html; charset=UTF-8"></head><body>Manaty <br />128 rue Berbisey<br /><br />21000 Dijon<br /><br />Service client  +33 9 51 39 51 51 <br />Du lundi au vendredi de 8h &agrave;18h<br /><br />Adresse internet : www.manaty.net<br /><br /><br />Votre identifiant client : #<CUSTOMER_ACCOUNT_CODE><br /><br /><div align="right" style="width: 70%">#<CUSTOMER_ACCOUNT_NAME><br />#<CUSTOMER_ACCOUNT_ADDRESS_1><br />#<CUSTOMER_ACCOUNT_ADDRESS_2><br />#<CUSTOMER_ACCOUNT_ADDRESS_3><br />#<CUSTOMER_ACCOUNT_ZIP_CITY></div><br /><strong>RAPPEL au #<LETTER_DATE></strong><br /><br />#<CUSTOMER_ACCOUNT_TITLE>,<br /><br />A ce jour et sauf erreur de notre part, vous restez nous devoir la somme de  <strong>#<AMOUNT_EXIGIBLE> &euro;</strong>.<br /><br />Si vous avez effectu&eacute; votre paiement r&eacute;cemment, nous vous prions de ne pas tenir compte de cette relance.<br /><br />S''il s''agit d''un oubli, nous vous invitons &agrave; r&eacute;gler votre facture d&egrave;s aujourd''hui.<strong> A d&eacute;faut de r&egrave;glement dans un d&eacute;lai de 15 jours, une p&eacute;nalit&eacute; de 10,00 &euro; viendra s''ajouter &agrave; votre solde d&ucirc;</strong>.<br /><br />En cas de difficult&eacute; ou pour toute autre raison, n''h&eacute;sitez pas &agrave; contacter rapidement notre service client&egrave;le aux num&eacute;ro et horaires pr&eacute;cis&eacute;s en haut &agrave; gauche de ce courriel.<br /><br />Dans l''attente de votre r&egrave;glement, nous vous prions d''agr&eacute;er,#<CUSTOMER_ACCOUNT_TITLE>, l''expression de nos sentiments d&eacute;vou&eacute;s.<br /><br /><div align="right" style="width: 70%">Le Service Client Manaty </div></body></html>','RAPPEL #<LETTER_DATE>',null);
INSERT INTO COM_MESSAGE_TEMPLATE (ID,PROVIDER_ID,VERSION,MEDIA,CREATED,DISABLED,CODE,TAG_END,TAG_START,TYPE,HTMLCONTENT,SUBJECT,TEXTCONTENT) VALUES (COM_MSG_TMPL_SEQ.NEXTVAL,1,0,'EMAIL',SYSDATE,0,'A','>','#<','INVOICE','<!DOCTYPE html PUBLIC "-//W3C//DTD HTML 4.01 Transitional//EN" "http://www.w3.org/TR/html4/loose.dtd"><html><head><meta http-equiv="Content-Type" content="text/html; charset=UTF-8"><title>Votre facture Manaty</title></head><body>Manaty<br />128 rue Berbisey<br />21000 DIJON<br /><br />Service client +33 9 51 39 51 51<br />Du lundi au vendredi de 8h &agrave; 18h<br /><br />Adresse internet : www.manaty.net<br /><br /><br /><strong><span style="color: red">Consultez votre facture en ligne</span></strong><br /><br />Votre identifiant client : #<CUSTOMER_ACCOUNT_CODE><br /><br />Bonjour #<CUSTOMER_NAME>,<br /><br />Votre facture Manaty #<INVOICE_NUMBER> du #<INVOICE_DATE> est en ligne.<br /><br />Rendez-vouz dans la rubrique "Mon Compte" de votre <a href="https://www.myselfcare.com/">espace client</a>.<br />Saisissez ou cr&eacute;er votre identifiant ou mot de passe et acc&eacute;dez &agrave; la rubrique "visualiser mes factures".<div align="right" style="width: 70%">Le Service Client Manaty </div></body></html>','Votre facture du #<INVOICE_DATE>',null );

INSERT INTO COM_SENDER_CONFIG (ID,VERSION,CREATED,DISABLED,PROVIDER_ID,CODE,MEDIA,SMTP_HOST,SMTP_PORT,LOGIN,PASSWORD,DELAY_MIN,DEFAULT_FROM_EMAIL,DEFAULT_REPLY_EMAIL) VALUES (COM_SNDR_CONF_SEQ.NEXTVAL,0,sysdate,0,1,'MANATY SMTP','EMAIL','zimbra.manaty.net','25','yourlogin','yourpass',5000,'projetmeveo@manaty.net','projetmeveo@manaty.net');



DROP TABLE ADM_USER_LOG;
CREATE TABLE ADM_USER_LOG(ID NUMBER(19,0) NOT NULL ENABLE,USER_NAME VARCHAR2(255 BYTE) NOT NULL ENABLE,USER_ID NUMBER(19,0) NOT NULL ENABLE,DATE_EXECUTED DATE,ACTION VARCHAR2(255 BYTE),URL   VARCHAR2(255 BYTE) NOT NULL ENABLE,OBJECT_ID VARCHAR2(50 BYTE),PRIMARY KEY (ID));

DROP SEQUENCE USER_LOG_SEQ;
CREATE SEQUENCE USER_LOG_SEQ start with 1 increment by 1;